PMID	date	journal	Country	mesh
1087108	1976	American heart journal	UNITED STATES	Arrhythmias, Cardiac|Coronary Artery Bypass|Death, Sudden|Humans|Male|Physical Exertion|Propranolol|Tachycardia|Ventricular Fibrillation
9717	1976	Ugeskrift for laeger	DENMARK	Adolescent|Adult|Aged|Anti-Anxiety Agents|Barbiturates|Clinical Trials as Topic|Drug Evaluation|Female|Flunitrazepam|Humans|Male|Middle Aged|Nitrazepam|Preanesthetic Medication
796401	1977	Journal of medicine	UNITED STATES	Adult|Blood Glucose|Clinical Trials as Topic|Galactose|Galactosemias|Humans|Insulin|Male|Middle Aged|Obesity|Sweetening Agents|Taste
358815	1978	American heart journal	UNITED STATES	Adult|Clinical Trials as Topic|Digoxin|Dose-Response Relationship, Drug|Half-Life|Humans|Infusions, Parenteral|Kinetics|Male|Urine
231024	1979	International journal of radiation oncology, biology, physics	UNITED STATES	Adenocarcinoma|Antineoplastic Agents|Bone Marrow|Carcinoma, Small Cell|Clinical Trials as Topic|Drug Therapy, Combination|Female|Humans|Lung Neoplasms|Male|Middle Aged|Radiation Injuries|Remission, Spontaneous|Time Factors
475542	1979	Archives of general psychiatry	UNITED STATES	Adolescent|Adult|Ambulatory Care|Community Mental Health Services|Family|Female|Home Nursing|Humans|Male|Mental Disorders|Middle Aged|Neurotic Disorders|Psychiatric Department, Hospital|Psychiatric Status Rating Scales|Psychotic Disorders|Schizophrenia|Social Adjustment
6248087	1980	Arzneimittel-Forschung	GERMANY, WEST	Androstane-3,17-diol|Androstanols|Anesthesia|Clinical Trials as Topic|Enzymes|Female|Hemodynamics|Humans|Male|Neuromuscular Blocking Agents|Pancuronium|Pipecuronium|Piperazines|Preanesthetic Medication|Respiration
7362757	1980	British journal of clinical pharmacology	ENGLAND	Adult|Amitriptyline|Desipramine|Drug Interactions|Female|Humans|Male|Methoxamine|Norepinephrine|Pupil
6459206	1981	Clinical science (London, England : 1979)	ENGLAND	Aged|Cardiomegaly|Hemodynamics|Humans|Hypertension|Middle Aged|Physical Exertion|Prazosin|Propranolol|Quinazolines|Random Allocation
7032565	1981	The British journal of clinical practice	ENGLAND	Arthritis, Rheumatoid|Clinical Trials as Topic|Double-Blind Method|Female|Humans|Ketoprofen|Male|Meperidine|Pain, Postoperative|Phenylpropionates|Random Allocation|Synovial Membrane
6127963	1982	Allergy	DENMARK	Administration, Intranasal|Administration, Oral|Adrenergic beta-Agonists|Asthma|Blood Pressure|Drug Synergism|Forced Expiratory Volume|Heart Rate|Humans|Terbutaline|Theophylline|Tremor
7028531	1982	The Journal of international medical research	ENGLAND	Adult|Aged|Antihypertensive Agents|Clinical Trials as Topic|Cyclopenthiazide|Delayed-Action Preparations|Diuretics|Double-Blind Method|Drug Combinations|Female|Humans|Hypertension|Male|Middle Aged|Oxprenolol|Random Allocation|Sodium Chloride Symporter Inhibitors
7121809	1982	Neuroradiology	GERMANY, WEST	Aorta, Thoracic|Blood Pressure|Brain|Carotid Arteries|Cerebral Angiography|Double-Blind Method|Heart Rate|Humans|Iodobenzoates|Iohexol|Metrizoate|Middle Aged|Random Allocation|Triiodobenzoic Acids|Vertebral Artery
6313523	1983	Hypertension	UNITED STATES	Angiotensin-Converting Enzyme Inhibitors|Blood Glucose|Blood Pressure|Captopril|Cholesterol|Clinical Trials as Topic|Dizziness|Drug Therapy, Combination|Female|Headache|Humans|Hydrochlorothiazide|Hypertension|Male|Middle Aged|Nausea|Potassium|Proline|Uric Acid
6403808	1983	Medical and pediatric oncology	United States	Acute Disease|Blood Cell Count|Blood Proteins|Body Weight|Child|Child, Preschool|Humans|Immunoglobulin A|Immunoglobulin G|Immunoglobulin M|Infant|Leukemia|Parenteral Nutrition|Parenteral Nutrition, Total|Prospective Studies|Skin Tests
6840161	1983	European journal of clinical pharmacology	GERMANY, WEST	Administration, Oral|Adult|Antihypertensive Agents|Blood Pressure|Dose-Response Relationship, Drug|Female|Heart Rate|Humans|Hypertension|Male|Middle Aged|Pyridazines|Time Factors
6318605	1984	Anesthesia and analgesia	UNITED STATES	Adult|Aged|Anesthesia, General|Blood Pressure|Catecholamines|Endorphins|Female|Fentanyl|Humans|Intubation, Intratracheal|Male|Middle Aged|beta-Endorphin
6399698	1984	Clinical & experimental metastasis	ENGLAND	Colonic Neoplasms|Combined Modality Therapy|Follow-Up Studies|Humans|Liver Neoplasms|Neoplasm Metastasis|Piperazines|Razoxane|Rectal Neoplasms|Ultrasonography
6704672	1984	The British journal of radiology	ENGLAND	Contrast Media|Humans|Iopamidol|Iothalamic Acid|Metrizamide|Spinal Nerve Roots|Time Factors
3158903	1985	Presse m?dicale (Paris, France : 1983)	FRANCE	Abdomen|Adult|Aged|Bacteria, Anaerobic|Bacterial Infections|Emergencies|Female|Humans|Male|Metronidazole|Middle Aged|Perfusion|Postoperative Complications|Premedication|Suppositories
3901721	1985	The American journal of cardiology	UNITED STATES	Adolescent|Adult|Atenolol|Clinical Trials as Topic|Female|Heart Rate|Humans|Male|Middle Aged|Mitral Valve Stenosis|Physical Exertion|Prospective Studies|Sinoatrial Node
4001769	1985	Tropical medicine and parasitology : official organ of Deutsche Tropenmedizinische Gesellschaft and of Deutsche Gesellschaft f?r Technische Zusammenarbeit (GTZ)	United States	Adult|Benzimidazoles|Eye Diseases|Fluorescein Angiography|Ghana|Humans|Levamisole|Male|Mebendazole|Middle Aged|Onchocerciasis|Skin
2868074	1986	Journal of clinical oncology : official journal of the American Society of Clinical Oncology	UNITED STATES	Aged|Antineoplastic Combined Chemotherapy Protocols|Breast Neoplasms|Clinical Trials as Topic|Cyclophosphamide|Doxorubicin|Female|Fluorouracil|Humans|Liver Neoplasms|Menopause|Methotrexate|Middle Aged|Prognosis|Random Allocation|Receptors, Estrogen|Tamoxifen|Vincristine
3096063	1986	Acta anaesthesiologica Scandinavica	DENMARK	Analgesia|Carbon Dioxide|Humans|Injections, Epidural|Injections, Intramuscular|Morphine Derivatives|Nicotinic Acids|Pain, Postoperative|Respiration|Respiratory Function Tests|Thoracic Surgery
3531953	1986	Oncology	SWITZERLAND	Bone Neoplasms|Breast Neoplasms|Calcitonin|Calcium|Clinical Trials as Topic|Double-Blind Method|Drug Evaluation|Female|Humans|Injections, Subcutaneous|Middle Aged|Pain, Intractable|Random Allocation
3768639	1986	The British journal of radiology	ENGLAND	Adult|Aged|Aged, 80 and over|Barium|Barium Sulfate|Domperidone|Double-Blind Method|Enema|Female|Gastric Emptying|Humans|Intestine, Small|Male|Metoclopramide|Middle Aged|Sorbitol
2883406	1987	Lancet	ENGLAND	Acute Disease|Adolescent|Adult|Agammaglobulinemia|Child|Chronic Disease|Clinical Trials as Topic|Female|Humans|Immunoglobulin G|Infusions, Intravenous|Lung Diseases|Male|Middle Aged|Respiratory Function Tests
3121465	1987	Haematologica	ITALY	Adolescent|Adult|Antineoplastic Combined Chemotherapy Protocols|Child|Clinical Trials as Topic|Cytarabine|Daunorubicin|Etoposide|Female|Humans|Leukemia|Male|Middle Aged|Thioguanine|Vindesine
3334169	1987	Rivista europea per le scienze mediche e farmacologiche = European review for medical and pharmacological sciences = Revue europ?enne pour les sciences m?dicales et pharmacologiques	ITALY	Adult|Aged|Aged, 80 and over|Clinical Trials as Topic|Colon|Double-Blind Method|Female|Humans|Male|Middle Aged|Prospective Studies|Random Allocation|Rifamycins|Surgical Wound Infection
3585263	1987	The Journal of family practice	UNITED STATES	Administration, Cutaneous|Adolescent|Adult|Anti-Bacterial Agents|Anti-Infective Agents, Local|Blister|Dermatologic Agents|Drug Combinations|Humans|Male|Ointments|Random Allocation|Staphylococcal Skin Infections|Wound Healing|Wound Infection
2447516	1988	N?phrologie	SWITZERLAND	Aged|Biocompatible Materials|Cellulose|Complement System Proteins|Evaluation Studies as Topic|Female|Histamine Release|Humans|Kidneys, Artificial|Male|Membranes, Artificial|Middle Aged|Renal Dialysis
2975684	1988	Journal of affective disorders	NETHERLANDS	Adult|Aldosterone|Atenolol|Clinical Trials as Topic|Depressive Disorder|Double-Blind Method|Estrogens|Female|Humans|Luteal Phase|Premenstrual Syndrome|Progesterone|Random Allocation|Renin
3136831	1988	British medical journal (Clinical research ed.)	ENGLAND	Adult|Aged|Clinical Trials as Topic|Dose-Response Relationship, Drug|Female|Fibrinolysis|Humans|Infusions, Intravenous|Male|Middle Aged|Myocardial Infarction|Random Allocation|Recombinant Proteins|Tissue Plasminogen Activator
3279774	1988	The American journal of medicine	UNITED STATES	Adult|Agranulocytosis|Anti-Bacterial Agents|Bacterial Infections|Ceftazidime|Clinical Trials as Topic|Drug Therapy, Combination|Female|Fever|Humans|Male|Neoplasms|Neutropenia|Piperacillin|Prospective Studies|Random Allocation|Vancomycin
3373404	1988	The Journal of pediatrics	UNITED STATES	Birth Weight|Cerebral Hemorrhage|Double-Blind Method|Female|Humans|Indomethacin|Infant, Newborn|Infant, Premature|Male
2502890	1989	Acta haematologica	SWITZERLAND	Acute Disease|Anemia, Aplastic|Antibodies, Monoclonal|Antilymphocyte Serum|Humans|Leukocyte Count|Leukocytes, Mononuclear|Phenotype|T-Lymphocytes|Time Factors
2567756	1989	The Journal of hospital infection	ENGLAND	Cesarean Section|Denmark|Disinfection|Female|Hospitals|Humans|Multicenter Studies as Topic|Prospective Studies|Random Allocation|Skin|Sterilization|Surgical Wound Infection
2654196	1989	Journal of clinical periodontology	United States	Alveolar Process|Bone Resorption|Color|Densitometry|Humans|Image Interpretation, Computer-Assisted|Osteotomy|Radiographic Image Enhancement|Radiographic Image Interpretation, Computer-Assisted|Subtraction Technique|Wound Healing
2687645	1989	Maturitas	NETHERLANDS	Alkaline Phosphatase|Anabolic Agents|Bone Density|Calcium|Clinical Trials as Topic|Double-Blind Method|Drug Therapy, Combination|Female|Humans|Hydroxyproline|Middle Aged|Nandrolone|Osteoporosis, Postmenopausal|Random Allocation
2768616	1989	Journal of consulting and clinical psychology	UNITED STATES	Attention Deficit Disorder with Hyperactivity|Child|Cohort Studies|Dose-Response Relationship, Drug|Humans|Male|Methylphenidate|Peer Group|Social Behavior
3232498	1989	Acta anaesthesiologica Belgica	BELGIUM	Adult|Double-Blind Method|Female|Humans|Male|Middle Aged|Morphinans|Nalbuphine|Orthopedics|Pain, Postoperative|Pentazocine|Random Allocation
2090473	1990	The European respiratory journal	DENMARK	Adult|Bronchi|Female|Humans|Hypertonic Solutions|Male|Methacholine Chloride|Osmolar Concentration|Water
2147609	1990	La Clinica terapeutica	ITALY	Adult|Cromolyn Sodium|Female|Humans|Ketotifen|Male|Rhinitis, Allergic, Seasonal|Skin Tests|Time Factors
2190504	1990	Anesteziologiia i reanimatologiia	USSR	Adult|Aged|Blood Volume|Carcinoma|Colorectal Neoplasms|Female|Hemodilution|Hemodynamics|Humans|Male|Middle Aged|Preoperative Care|Prospective Studies|Randomized Controlled Trials as Topic
2222100	1990	Archives of internal medicine	UNITED STATES	Anti-Bacterial Agents|Ciprofloxacin|Cross Infection|Drug Resistance, Microbial|Drug Therapy, Combination|Humans|Methicillin Resistance|Rifampin|Single-Blind Method|Staphylococcal Infections|Staphylococcus aureus|Time Factors|Trimethoprim-Sulfamethoxazole Combination
2285608	1990	The Journal of steroid biochemistry and molecular biology	ENGLAND	Adenocarcinoma|Antineoplastic Combined Chemotherapy Protocols|Bone Neoplasms|Canada|Flutamide|Humans|Male|Multicenter Studies as Topic|Orchiectomy|Prostatic Neoplasms|United States
2401100	1990	Clinical endocrinology	ENGLAND	Adolescent|Adult|Breast|Breast Feeding|Female|Humans|Luteal Phase|Naloxone|Oxytocin|Physical Stimulation|Random Allocation
1663571	1991	Maturitas	NETHERLANDS	Administration, Cutaneous|Administration, Oral|Adult|Estradiol|Estrogen Replacement Therapy|Estrogens, Conjugated (USP)|Female|Humans|Menopause|Middle Aged|Progesterone
1752118	1991	Clinical pharmacology and therapeutics	UNITED STATES	Adult|Female|Humans|Lovastatin|Male|Pravastatin|Sleep|Sleep Stages|Substance Withdrawal Syndrome
1828447	1991	Gastroent?rologie clinique et biologique	FRANCE	Acute Disease|Hepatitis, Alcoholic|Humans|Meta-Analysis as Topic|Methylprednisolone|Prednisolone
1886351	1991	Klinische Monatsbl?tter f?r Augenheilkunde	GERMANY	Aged|Cataract Extraction|Double-Blind Method|Flurbiprofen|Humans|Indomethacin|Miotics|Premedication|Prospective Studies|Pupil
1936009	1991	European heart journal	ENGLAND	Adult|Aged|Anistreplase|Belgium|Clinical Enzyme Tests|Creatine Kinase|Double-Blind Method|Electrocardiography|Emergency Medical Services|Female|Humans|Isoenzymes|Male|Middle Aged|Myocardial Infarction|Recurrence|Thrombolytic Therapy
2006658	1991	The American journal of medicine	UNITED STATES	Aged|Aging|Body Mass Index|Cardiovascular Diseases|Double-Blind Method|Europe|Female|Humans|Hypertension|Male|Middle Aged|Obesity|Prognosis|Risk Factors|Survival Rate
2056983	1991	Medizinische Klinik (Munich, Germany : 1983)	GERMANY	Adolescent|Adult|Aged|Colonoscopy|Double-Blind Method|Drug Therapy, Combination|Female|Humans|Ketamine|Male|Midazolam|Middle Aged|Premedication
1293665	1992	Revista espa?ola de anestesiolog?a y reanimaci?n	SPAIN	Adult|Aged|Analgesia|Analgesia, Epidural|Cold Temperature|Diclofenac|Female|Humans|Male|Methadone|Middle Aged|Pain Measurement|Pain, Postoperative|Thoracotomy
1355797	1992	Lancet	ENGLAND	Body Height|Body Weight|Breast Feeding|Double-Blind Method|Female|Humans|Infant|Male|Zinc
1415419	1992	American journal of obstetrics and gynecology	UNITED STATES	Bed Rest|Blood Pressure|Female|Humans|Nifedipine|Pre-Eclampsia|Pregnancy|Pregnancy Outcome|Pregnancy Trimester, First|Pregnancy Trimester, Second|Prospective Studies
1464075	1992	Casop?s l?kar?? c?esk?ch	CZECHOSLOVAKIA	Arthritis, Rheumatoid|Double-Blind Method|Humans|Infusions, Intravenous|Methylprednisolone|Middle Aged|Prospective Studies|Pulsatile Flow
1521944	1992	International journal of sports medicine	GERMANY	Adult|Captopril|Double-Blind Method|Exercise Test|Humans|Lactates|Leg|Male|Muscles|Oxygen Consumption|Physical Education and Training|Physical Endurance
1563211	1992	Clinical pharmacology and therapeutics	UNITED STATES	Administration, Oral|Adult|Chromatography, High Pressure Liquid|Double-Blind Method|Drug Interactions|Humans|Indomethacin|Intestinal Absorption|Male|Misoprostol|Random Allocation
1613128	1992	Journal of clinical pharmacology	United States	Administration, Oral|Adolescent|Adult|Antidepressive Agents, Tricyclic|Biological Availability|Desipramine|Diltiazem|Drug Administration Schedule|Drug Interactions|Humans|Imipramine|Labetalol|Male|Verapamil
1736755	1992	The American review of respiratory disease	UNITED STATES	Adult|Airway Obstruction|Arousal|Ethanol|Glottis|Humans|Male|Pressure|Reference Values|Respiration|Sleep
1478796	1993	International journal of tissue reactions	SWITZERLAND	Acetylcarnitine|Acute Disease|Adult|Humans|Hypoxia, Brain|L-Lactate Dehydrogenase|Male|Mitochondria|Pyruvate Dehydrogenase Complex|Succinate Dehydrogenase
8110435	1993	American journal of hypertension	United States	Adult|Aged|Analysis of Variance|Blood Pressure|Calcium|Double-Blind Method|Female|Humans|Hypertension|Male|Middle Aged|Renin|Sodium
8234686	1993	Radiology	UNITED STATES	Adult|Breast Neoplasms|Breast Self-Examination|Canada|Evaluation Studies as Topic|Female|Follow-Up Studies|Humans|Mammography|Mass Screening|Middle Aged|Patient Compliance|Risk Factors
8295811	1993	The Pediatric infectious disease journal	UNITED STATES	Administration, Oral|Adolescent|Analysis of Variance|Cefadroxil|Child|Child, Preschool|Clarithromycin|Female|Humans|Infant|Male|Prospective Studies|Severity of Illness Index|Single-Blind Method|Skin Diseases, Bacterial|Suspensions|Treatment Outcome
8352387	1993	The American journal of tropical medicine and hygiene	UNITED STATES	Agglutination Tests|Animals|Antibodies, Protozoan|Chagas Disease|Dog Diseases|Dogs|Female|Follow-Up Studies|Hemagglutination Tests|Immunization, Secondary|Insect Vectors|Isoenzymes|Male|Prospective Studies|Protozoan Vaccines|Triatoma|Trypanosoma cruzi|Vaccination|Vaccines, Attenuated
8403154	1993	Canadian journal of anaesthesia = Journal canadien d'anesth?sie	CANADA	Anesthesia, Epidural|Anesthesia, Obstetrical|Anesthetics, Local|Dizziness|Double-Blind Method|Female|Humans|Injections, Intravenous|Labor, Obstetric|Lidocaine|Pregnancy|Procaine|Prospective Studies|Sensitivity and Specificity|Taste Disorders|Tinnitus
8443900	1993	Circulation	UNITED STATES	Angiography|Angioplasty, Balloon|Aortic Aneurysm|Aortic Coarctation|Child|Child, Preschool|Female|Follow-Up Studies|Humans|Magnetic Resonance Imaging|Male|Postoperative Complications|Prospective Studies|Recurrence
8487231	1993	The Journal of reproductive medicine	UNITED STATES	Anesthesia, Local|Cervix Uteri|Colposcopy|Cryosurgery|Female|Humans|Injections, Subcutaneous|Ketoprofen|Lidocaine|Naproxen|Preanesthetic Medication|Prospective Studies|Uterine Cervical Dysplasia
7514237	1994	Journal of cardiovascular pharmacology	UNITED STATES	Cause of Death|Heart Failure|Hospitalization|Humans|Myocardial Infarction|Outcome Assessment (Health Care)|Prognosis|Ramipril|Retrospective Studies
7819986	1994	BMJ (Clinical research ed.)	ENGLAND	Aged|Alcohol Drinking|Alcoholic Beverages|Cross-Over Studies|Humans|Middle Aged|Taste
7887102	1994	Acta anaesthesiologica Scandinavica	DENMARK	Abdomen|Adult|Aged|Analgesia, Epidural|Analgesia, Patient-Controlled|Bupivacaine|Female|Fentanyl|Hemodynamics|Humans|Infusions, Intravenous|Male|Middle Aged|Morphine|Pain Measurement|Pain, Postoperative|Prospective Studies|Respiratory Mechanics
7941592	1994	Wiener klinische Wochenschrift	AUSTRIA	Adjuvants, Immunologic|Adult|Aged|Carcinoma, Renal Cell|Combined Modality Therapy|Female|Follow-Up Studies|Hemocyanin|Humans|Kidney Neoplasms|Lymphatic Metastasis|Male|Middle Aged|Neoplasm Staging|Nephrectomy|Prospective Studies|Survival Rate
7978427	1994	Anesthesia and analgesia	UNITED STATES	Adult|Aged|Cardiotonic Agents|Catecholamines|Coronary Circulation|Enoximone|Heart|Hemodynamics|Humans|Imidazoles|Lactates|Lactic Acid|Male|Middle Aged|Myocardial Ischemia|Phosphodiesterase Inhibitors|Quinazolines|Vasodilator Agents|Ventricular Function, Left
8019117	1994	European journal of ophthalmology	ITALY	Aged|Aged, 80 and over|Anesthesia, Local|Autonomic Nerve Block|Blepharoptosis|Bupivacaine|Double-Blind Method|Female|Humans|Hyaluronoglucosaminidase|Hydrogen-Ion Concentration|Incidence|Injections|Male|Ophthalmic Solutions|Orbit|Prospective Studies
8067557	1994	Anesthesia and analgesia	UNITED STATES	Abortion, Induced|Adolescent|Adult|Anesthesia, Obstetrical|Female|Humans|Middle Aged|Pregnancy|Pregnanolone|Propofol
8137332	1994	Cancer research	United States	Anticarcinogenic Agents|Etretinate|Head and Neck Neoplasms|Humans|Isotretinoin|Leukoplakia|Lung Neoplasms|Mouth Neoplasms|Retinoids|Vitamin A
8187120	1994	Cardiology	SWITZERLAND	Captopril|Cardiac Volume|Diastole|Double-Blind Method|Exercise Tolerance|Humans|Male|Middle Aged|Myocardial Infarction|Systole|Ventricular Function, Left
8307445	1994	Gut	ENGLAND	Adult|Ambulatory Care|Benzilates|Circadian Rhythm|Double-Blind Method|Fasting|Female|Food|Gastrointestinal Motility|Humans|Jejunum|Male|Monitoring, Physiologic|Nortropanes|Parasympatholytics
7502551	1995	Zeitschrift f?r Gastroenterologie	GERMANY	Adult|Aged|Amoxicillin|Anti-Bacterial Agents|Anti-Ulcer Agents|Bismuth|Duodenal Ulcer|Female|Follow-Up Studies|Gastritis|Helicobacter Infections|Helicobacter pylori|Humans|Male|Metronidazole|Middle Aged|Omeprazole|Organometallic Compounds|Penicillins|Prospective Studies|Ranitidine|Recurrence|Salicylates|Tetracycline|Treatment Outcome
7573260	1995	American journal of obstetrics and gynecology	UNITED STATES	Antihypertensive Agents|Blood Pressure|Calcium Channel Blockers|Double-Blind Method|Female|Heart Rate|Humans|Hypertension|Infant, Newborn|Isradipine|Placebos|Pre-Eclampsia|Pregnancy|Pregnancy Complications, Cardiovascular|Pregnancy Outcome|Proteinuria
7609510	1995	Journal of cardiovascular pharmacology	UNITED STATES	Aged|Antihypertensive Agents|Blood Pressure|Blood Pressure Monitoring, Ambulatory|Chlorthalidone|Dihydropyridines|Double-Blind Method|Echocardiography|Female|Humans|Hypertension|Italy|Male|Middle Aged
7652119	1995	Psychophysiology	UNITED STATES	Acoustic Stimulation|Adolescent|Adult|Electrodes, Implanted|Electroencephalography|Evoked Potentials, Auditory|Evoked Potentials, Visual|Female|Humans|Male|Obsessive-Compulsive Disorder|Parkinson Disease|Stereotaxic Techniques|Temporal Lobe
7712675	1995	Clinical pharmacology and therapeutics	United States	Administration, Inhalation|Administration, Topical|Anti-Inflammatory Agents|Asthma|Beclomethasone|Biological Assay|Dose-Response Relationship, Drug|Drug Administration Schedule|Female|Fluocinolone Acetonide|Humans|Male|Single-Blind Method|Triamcinolone Acetonide
7754988	1995	The American journal of clinical nutrition	UNITED STATES	Adult|Coronary Disease|Death, Sudden, Cardiac|Diet|Fatty Acids|Female|Follow-Up Studies|France|Humans|Male|Mediterranean Islands|Middle Aged|Patient Compliance|Prospective Studies|Risk Factors|Single-Blind Method|Survival Rate|Vitamins
7801876	1995	The American journal of cardiology	UNITED STATES	Adult|Aged|Aged, 80 and over|Atrial Fibrillation|Betaxolol|Chronic Disease|Digoxin|Diltiazem|Drug Therapy, Combination|Female|Humans|Male|Middle Aged|Prospective Studies|Ventricular Function
7889180	1995	European journal of endocrinology / European Federation of Endocrine Societies	NORWAY	Adult|Aged|Aging|Biological Markers|Bone Density|Bone Regeneration|Calcitonin|Double-Blind Method|Estrogen Replacement Therapy|Female|Humans|Insulin-Like Growth Factor I|Insulin-Like Growth Factor II|Linear Models|Middle Aged|Nandrolone|Osteoporosis, Postmenopausal|Radioimmunoassay|Reference Values
8556971	1995	Drug and alcohol dependence	United States	Adult|Affect|Dextroamphetamine|Dose-Response Relationship, Drug|Double-Blind Method|Euphoria|Female|Humans|Male|Motivation|Paroxetine|Personality Inventory|Serotonin Uptake Inhibitors
8697999	1995	Zhonghua zhong liu za zhi [Chinese journal of oncology]	CHINA	Adult|Aged|Anastomosis, Surgical|Cardia|Esophagectomy|Female|Fundoplication|Gastrectomy|Humans|Male|Middle Aged|Stomach Neoplasms
8551788	1996	The Journal of thoracic and cardiovascular surgery	UNITED STATES	6-Ketoprostaglandin F1 alpha|Antithrombin III|Cardiac Surgical Procedures|Cardiopulmonary Bypass|Cell Separation|Female|Fibrin Fibrinogen Degradation Products|Humans|Intraoperative Care|Leukocyte Count|Leukocyte Elastase|Male|Middle Aged|Pancreatic Elastase|Peptide Hydrolases|Platelet Count|Postoperative Complications|Respiratory Distress Syndrome, Adult|Thromboxane B2
8625244	1996	Cancer	UNITED STATES	Aged|Antineoplastic Combined Chemotherapy Protocols|Carboplatin|Cisplatin|Epirubicin|Female|Humans|Male|Methotrexate|Middle Aged|Neoplasm Metastasis|Neoplasm Recurrence, Local|Urinary Bladder Neoplasms|Vinblastine
8671908	1996	Nephrology, dialysis, transplantation : official publication of the European Dialysis and Transplant Association - European Renal Association	ENGLAND	Adult|Aged|Calcium Carbonate|Cross-Over Studies|Double-Blind Method|Female|Gastric Juice|Histamine H2 Antagonists|Humans|Hydrogen-Ion Concentration|Kidney Failure, Chronic|Male|Middle Aged|Peritoneal Dialysis, Continuous Ambulatory|Phosphates|Ranitidine|Renal Dialysis
8718917	1996	Journal of pain and symptom management	UNITED STATES	Adolescent|Adult|Female|Humans|Injections, Intramuscular|Male|Middle Aged|Pain|Pain Measurement|Pressure|gamma-Globulins
8768868	1996	The Journal of clinical endocrinology and metabolism	UNITED STATES	Adult|Contraceptive Agents, Male|Cyproterone Acetate|Drug Synergism|Electrolytes|Follicle Stimulating Hormone|Humans|Lipids|Luteinizing Hormone|Male|Organ Size|Semen|Sexual Behavior|Testis|Testosterone
8813223	1996	Movement disorders : official journal of the Movement Disorder Society	UNITED STATES	Administration, Oral|Aged|Antiparkinson Agents|Biological Availability|Carbidopa|Dose-Response Relationship, Drug|Drug Administration Schedule|Drug Combinations|Female|Humans|Levodopa|Male|Metabolic Clearance Rate|Motor Skills|Neurologic Examination|Parkinson Disease|Therapeutic Equivalency
8856544	1996	Journal of hand surgery (Edinburgh, Scotland)	SCOTLAND	Adult|Aged|Arthrodesis|Bone Wires|Female|Finger Injuries|Follow-Up Studies|Fracture Fixation, Internal|Fracture Healing|Hand Injuries|Humans|Male|Middle Aged|Osteotomy|Polydioxanone|Postoperative Complications|Prospective Studies|Prostheses and Implants|Treatment Outcome|Wrist Injuries
8895290	1996	Anesthesia and analgesia	UNITED STATES	Adrenergic Agonists|Adult|Antiemetics|Atropine|Chemoprevention|Cholecystectomy, Laparoscopic|Cross-Over Studies|Droperidol|Drug Combinations|Ephedrine|Female|Humans|Injections, Intravenous|Intraoperative Care|Length of Stay|Male|Metoclopramide|Muscarinic Antagonists|Nausea|Ondansetron|Patient Admission|Patient Discharge|Postoperative Complications|Prospective Studies|Vomiting
8942331	1996	British journal of anaesthesia	ENGLAND	Aged|Cardiopulmonary Bypass|Coronary Artery Bypass|Double-Blind Method|Endotoxins|Hemodynamics|Humans|Ketanserin|Male|Metabolic Diseases|Middle Aged|Oxygen Consumption|Postoperative Period|Serotonin Antagonists
8997576	1996	European journal of ophthalmology	ITALY	Adolescent|Adult|Aged|Aged, 80 and over|Anti-Bacterial Agents|Anti-Infective Agents|Blepharitis|Child|Ciprofloxacin|Colony Count, Microbial|Conjunctiva|Conjunctivitis, Bacterial|Eye Infections, Bacterial|Eyelids|Female|Fusidic Acid|Gels|Gram-Negative Bacteria|Gram-Positive Bacteria|Humans|Male|Middle Aged|Ophthalmic Solutions|Safety
8856250	1997	Nephron	SWITZERLAND	Adult|Aged|Angiography|Contrast Media|Double-Blind Method|Female|Glomerular Filtration Rate|Humans|Iohexol|Kidney Failure, Chronic|Kidney Function Tests|Male|Middle Aged|Prospective Studies|Technetium Tc 99m Pentetate|Tomography, X-Ray Computed|Triiodobenzoic Acids
9040271	1997	Angiology	UNITED STATES	Adult|Aged|Female|Hemodynamics|Humans|Male|Middle Aged|Physical Therapy Modalities|Varicose Veins|Veins
9089530	1997	Journal of public health dentistry	United States	Adolescent|Adult|Age Factors|Aid to Families with Dependent Children|Child|Community Health Services|Dental Care|Dental Service, Hospital|Evaluation Studies as Topic|Fee-for-Service Plans|Female|Health Care Costs|Health Expenditures|Health Maintenance Organizations|Health Services Accessibility|Humans|Male|Medicaid|Regression Analysis|Reimbursement Mechanisms|Sex Factors|United States
9138335	1997	Medicina	ARGENTINA	Acute Disease|Adolescent|Adult|Antibiotics, Antineoplastic|Antimetabolites, Antineoplastic|Antineoplastic Agents, Phytogenic|Antineoplastic Combined Chemotherapy Protocols|Bacteremia|Cytarabine|Daunorubicin|Drug Therapy, Combination|Etoposide|Female|Humans|Leukemia|Male|Mitoxantrone|Neutropenia|Risk Factors
9180622	1997	Hypertension	UNITED STATES	Adult|Aged|Biofeedback, Psychology|Blood Pressure|Blood Pressure Monitoring, Ambulatory|Double-Blind Method|Humans|Hypertension|Middle Aged|Placebo Effect
9222938	1997	Journal of hypertension	ENGLAND	Adult|Alleles|Atrial Natriuretic Factor|Base Sequence|Blood Pressure|Cross-Over Studies|DNA Primers|Deoxyribonuclease HpaII|Diet, Sodium-Restricted|Double-Blind Method|Drug Resistance|Humans|Male|Polymorphism, Restriction Fragment Length|Sodium, Dietary
9264478	1997	Circulation	UNITED STATES	Adult|Aged|Angina, Unstable|Angioplasty, Balloon, Coronary|Coronary Artery Bypass|Female|Follow-Up Studies|Humans|Male|Middle Aged|Myocardial Infarction|Myocardial Ischemia|Recurrence|Survival Analysis|Thrombolytic Therapy
9311477	1997	The European journal of surgery = Acta chirurgica	NORWAY	Aged|Antimetabolites, Antineoplastic|Blood Transfusion|Chemotherapy, Adjuvant|Colonic Neoplasms|Disease-Free Survival|Female|Fluorouracil|Humans|Infusions, Intravenous|Male|Multivariate Analysis|Portal Vein|Prognosis|Rectal Neoplasms|Survival Analysis
9359979	1997	Biological psychiatry	UNITED STATES	Aged|Antidepressive Agents|Antidepressive Agents, Tricyclic|Benzamides|Depressive Disorder|Dexamethasone|Double-Blind Method|Humans|Hydrocortisone|Moclobemide|Nortriptyline|Severity of Illness Index
9405909	1997	Diabetes care	UNITED STATES	Adult|Blood Glucose|Circadian Rhythm|Cross-Over Studies|Diabetes Mellitus, Type 1|Double-Blind Method|Drug Combinations|Female|Glucose Clamp Technique|Humans|Hypoglycemic Agents|Injections, Subcutaneous|Insulin|Insulin Lispro|Insulin, Isophane|Kinetics|Male|Middle Aged|Protamines
9496205	1997	British journal of anaesthesia	ENGLAND	Adolescent|Adult|Anesthesia, Intravenous|Anesthetics, Combined|Anesthetics, Intravenous|Double-Blind Method|Female|Fentanyl|Half-Life|Humans|Male|Midazolam|Orthopedic Procedures
9349964	1998	International orthopaedics	GERMANY	Adult|Aged|Aged, 80 and over|Anticoagulants|Combined Modality Therapy|Enoxaparin|Female|Femoral Neck Fractures|Gravity Suits|Humans|Male|Middle Aged|Pilot Projects|Postoperative Care|Postoperative Complications|Pulmonary Embolism|Thrombophlebitis|Treatment Outcome
9494422	1998	World journal of surgery	UNITED STATES	Aged|Carcinoma, Non-Small-Cell Lung|Female|Humans|Lung Neoplasms|Lymph Node Excision|Male|Middle Aged|Prospective Studies|Survival Rate
9544371	1998	Archives of gynecology and obstetrics	GERMANY	Adolescent|Adult|Anesthesia, General|Anesthesia, Local|Cervical Intraepithelial Neoplasia|Cervix Uteri|Conization|Female|Humans|Laser Therapy|Middle Aged
9588607	1998	Medicine and science in sports and exercise	UNITED STATES	Adult|Beverages|Bicycling|Blood Glucose|Carbohydrates|Cytokines|Double-Blind Method|Female|Humans|Hydrocortisone|Male|Middle Aged|Physical Endurance|Running
9632325	1998	Journal of cardiopulmonary rehabilitation	UNITED STATES	Aged|Aged, 80 and over|Cross-Over Studies|Exercise Test|Exercise Tolerance|Humans|Lung Diseases, Obstructive|Middle Aged|Music|Pilot Projects
9674809	1998	Neurology	UNITED STATES	Adult|Anti-Inflammatory Agents|Female|Humans|Injections, Intravenous|Male|Methylprednisolone|Middle Aged|Multiple Sclerosis|Survival Analysis|Treatment Failure
9713464	1998	Anticancer research	GREECE	Adult|Aged|Antiemetics|Cisplatin|Cross-Over Studies|Dexamethasone|Female|Granisetron|Humans|Injections, Intravenous|Male|Middle Aged|Nausea|Serotonin Antagonists|Treatment Outcome|Vomiting
9757152	1998	Clinical pharmacology and therapeutics	UNITED STATES	Adult|Anticonvulsants|Area Under Curve|Beverages|Carbamazepine|Citrus|Cross-Over Studies|Drug Administration Schedule|Epilepsy|Female|Food-Drug Interactions|Humans|Male|Middle Aged|Time Factors|Water
9799756	1998	Clinical chemistry	UNITED STATES	Aged|Biological Markers|Bone Density|Bone Resorption|Collagen|Collagen Type I|Diphosphonates|Enzyme-Linked Immunosorbent Assay|Estrogen Replacement Therapy|Female|Humans|Middle Aged|Norpregnenes|Osteoporosis, Postmenopausal|Peptides|Sensitivity and Specificity
9844098	1998	Journal of bone and mineral research : the official journal of the American Society for Bone and Mineral Research	UNITED STATES	Age Determination by Skeleton|Bone Density|Bone Development|Child|Estradiol|Exercise|Follicle Stimulating Hormone|Humans|Luteinizing Hormone|Male|Prospective Studies|Puberty|Socioeconomic Factors|Testosterone|Weight-Bearing
9924396	1998	The British journal of ophthalmology	ENGLAND	Adult|Corneal Injuries|Humans|Prospective Studies|Recurrence|Treatment Outcome
10087861	1999	Memory & cognition	UNITED STATES	Attention|Humans|Mental Recall|Pattern Recognition, Visual|Problem Solving|Psychophysics|Reaction Time|Reading|Retention (Psychology)
10212716	1999	Anaesthesia and intensive care	AUSTRALIA	Aged|Anesthetics, Local|Bupivacaine|Cataract Extraction|Double-Blind Method|Female|Humans|Hyaluronoglucosaminidase|Lidocaine|Male|Neuromuscular Blockade|Time Factors
10337210	1999	La Revue du praticien	FRANCE	Abdominal Pain|Alcoholic Beverages|Brassica|Cross-Over Studies|Double-Blind Method|Electrodiagnosis|Fabaceae|Female|Food|Humans|Intestines|Ischemia|Male|Meat|Meat Products|Mesentery|Middle Aged|Peristalsis|Plants, Medicinal|Triticum
10380726	1999	Scandinavian journal of rehabilitation medicine	SWEDEN	Acute Disease|Aged|Aged, 80 and over|Angina, Unstable|Exercise Therapy|Exercise Tolerance|Female|Heart Rate|Humans|Male|Myocardial Infarction|Syndrome
10422927	1999	Anesthesiology	UNITED STATES	Adult|Aged|Ambulatory Surgical Procedures|Female|Humans|Male|Middle Aged|Postoperative Complications|Urinary Bladder|Urinary Retention
10460765	1999	The British journal of ophthalmology	ENGLAND	Anterior Chamber|Bandages|Female|Humans|Male|Middle Aged|Pain, Postoperative|Postoperative Care|Postoperative Complications|Prospective Studies|Trabeculectomy
10503585	1999	The American journal of otology	United Kingdom	Anticonvulsants|Audiology|Cross-Over Studies|Double-Blind Method|Excitatory Amino Acid Antagonists|Female|Humans|Loudness Perception|Male|Middle Aged|Questionnaires|Severity of Illness Index|Sodium Channel Blockers|Tinnitus|Triazines
10546925	1999	Clinical pharmacology and therapeutics	UNITED STATES	Administration, Oral|Adult|Antifungal Agents|Antimalarials|Antiprotozoal Agents|Artemisinins|Beverages|Biological Availability|Citrus|Cross-Over Studies|Food-Drug Interactions|Humans|Male|Reference Values|Sesquiterpenes|Time Factors
10589859	1999	Medicine and science in sports and exercise	UNITED STATES	Adult|Analysis of Variance|Anticoagulants|Biological Availability|Blood Glucose|Dietary Carbohydrates|Dietary Fats|Exercise Test|Exercise Tolerance|Fatigue|Fatty Acids, Nonesterified|Glycerol|Heart Rate|Heparin|Humans|Lactates|Male|Oxidation-Reduction|Oxygen Consumption|Perception|Physical Endurance|Physical Exertion|Respiration|Time Factors|Triglycerides
10681104	1999	Journal of psychoactive drugs	UNITED STATES	Adolescent|Adult|Affect|Aged|Alcoholism|Behavior, Addictive|Double-Blind Method|Female|Follow-Up Studies|Hospitalization|Humans|Male|Middle Aged|Naltrexone|Narcotic Antagonists|Questionnaires|Treatment Outcome
9892590	1999	Circulation	UNITED STATES	Angioplasty, Balloon, Coronary|Catheterization|Coronary Angiography|Coronary Disease|Double-Blind Method|Follow-Up Studies|Humans|Iridium|Myocardial Revascularization|Recurrence
10634646	2000	Leukemia research	ENGLAND	Adolescent|Antineoplastic Combined Chemotherapy Protocols|Child|Child, Preschool|Cyclophosphamide|Cytarabine|Etoposide|Glucocorticoids|Granulocyte Colony-Stimulating Factor|Hematopoietic Stem Cell Mobilization|Hematopoietic Stem Cells|Humans|Interleukin-3|Methotrexate|Methylprednisolone|Neutropenia|Pilot Projects|Precursor Cell Lymphoblastic Leukemia-Lymphoma|Prednisolone|Vincristine
10696889	2000	Diseases of the colon and rectum	UNITED STATES	Adenocarcinoma|Anal Canal|Anastomosis, Surgical|Colectomy|Colon, Sigmoid|Endosonography|Female|Humans|Intraoperative Complications|Male|Manometry|Middle Aged|Pressure|Rectum|Sigmoid Neoplasms|Sutures
10747828	2000	The Journal of antimicrobial chemotherapy	ENGLAND	Adult|Anti-Infective Agents|Ciprofloxacin|Fluoroquinolones|Humans|Male|Naphthyridines|Photosensitivity Disorders|Quinolones|Single-Blind Method|Skin|Ultraviolet Rays
10802273	2000	Contraception	UNITED STATES	Adolescent|Adult|Contraception|Female|Gravidity|Humans|Intrauterine Devices, Copper|Life Tables|Myometrium|Parity|Uterus
10852440	2000	The Journal of clinical endocrinology and metabolism	UNITED STATES	Aged|Alendronate|Alkaline Phosphatase|Biological Markers|Bone Density|Collagen|Collagen Type I|Dose-Response Relationship, Drug|Double-Blind Method|Drug Therapy, Combination|Female|Femur|Follow-Up Studies|Humans|Lumbar Vertebrae|Middle Aged|Osteocalcin|Osteoporosis, Postmenopausal|Parathyroid Hormone|Peptides|Teriparatide|Time Factors
10903213	2000	American journal of respiratory and critical care medicine	United States	Adult|Aged|Bronchoalveolar Lavage Fluid|Double-Blind Method|Endarterectomy|Female|Humans|Hypertension, Pulmonary|Lewis Blood-Group System|Male|Middle Aged|Oligosaccharides|Pulmonary Embolism|Reperfusion Injury
10957701	2000	European journal of pain (London, England)	ENGLAND	Abortion, Induced|Acetaminophen|Adult|Alfentanil|Analgesics, Non-Narcotic|Analgesics, Opioid|Anesthesia, General|Anesthetics, Intravenous|Codeine|Dilatation and Curettage|Double-Blind Method|Drug Administration Schedule|Female|Humans|Midazolam|Pain Measurement|Pain, Postoperative|Pregnancy|Propofol|Suppositories
11007679	2000	American journal of kidney diseases : the official journal of the National Kidney Foundation	UNITED STATES	Adult|Aged|Atrial Natriuretic Factor|Blood Pressure|Data Interpretation, Statistical|Diuretics|Double-Blind Method|Female|Heart Rate|Humans|Kidney Tubular Necrosis, Acute|Male|Middle Aged|Oliguria|Peptide Fragments|Placebos|Prospective Studies|Renal Dialysis|Risk Factors|Survival Rate|Treatment Outcome
11062382	2000	Molecular urology	UNITED STATES	Aged|Aged, 80 and over|Antineoplastic Agents, Hormonal|Flutamide|Health Care Costs|Humans|Male|Middle Aged|Prostate-Specific Antigen|Prostatic Neoplasms|Quality of Life
11112935	2000	European psychiatry : the journal of the Association of European Psychiatrists	FRANCE	Adult|Anticonvulsants|Bipolar Disorder|Circadian Rhythm|Cross-Over Studies|Depressive Disorder, Major|Double-Blind Method|Female|Heart Rate|Humans|Male|Middle Aged|Recurrence|Sleep|Treatment Outcome|Valproic Acid
11205676	2000	The British journal of radiology	England	Breast Neoplasms|Equipment Design|Female|Humans|Multicenter Studies as Topic|Phantoms, Imaging|Quality Assurance, Health Care|Radiotherapy Dosage|Radiotherapy Planning, Computer-Assisted|Randomized Controlled Trials as Topic
11137810	2001	Cardiovascular surgery (London, England)	England	Coronary Artery Bypass|Female|Humans|Male|Mammary Arteries|Middle Aged|Nitroprusside|Spasm|Vasodilator Agents
11212046	2001	Canadian journal of anaesthesia = Journal canadien d'anesth?sie	Canada	Adjuvants, Anesthesia|Adult|Anesthesia, General|Anesthetics, Inhalation|Electric Stimulation|Female|Fentanyl|Humans|Kinetocardiography|Male|Methyl Ethers|Middle Aged|Neuromuscular Blockade|Neuromuscular Nondepolarizing Agents|Propofol|Vecuronium Bromide
11267320	2001	Transplantation proceedings	United States	Adolescent|Adult|Aged|Aprotinin|Female|Graft Survival|Humans|Liver Transplantation|Male|Middle Aged|Serine Proteinase Inhibitors|Time Factors
11317113	2001	Spine	United States	Adult|Biopsy|Cell Size|Chronic Disease|Female|Humans|Low Back Pain|Male|Middle Aged|Muscle Contraction|Muscle Fatigue|Muscle Fibers, Skeletal|Muscle, Skeletal|Physical Therapy Modalities|Prospective Studies|Regeneration
11373466	2001	Critical care medicine	United States	APACHE|Antibodies, Monoclonal|Double-Blind Method|Enzyme-Linked Immunosorbent Assay|Female|Humans|Infusions, Intravenous|Interleukin-6|Male|Middle Aged|Regression Analysis|Sepsis
11421866	2001	Alimentary pharmacology & therapeutics	England	Administration, Oral|Adolescent|Adult|Aged|Aged, 80 and over|Dose-Response Relationship, Drug|Double-Blind Method|Esomeprazole|Esophagitis, Peptic|Female|Gastroesophageal Reflux|Heartburn|Humans|Isomerism|Male|Middle Aged|Placebos|Proton Pump Inhibitors|Recurrence|Treatment Outcome
11470622	2001	International journal of medical informatics	Ireland	Data Collection|Humans|Microcomputers|Nursing Care|Point-of-Care Systems
11519768	2001	Clinical therapeutics	United States	Adrenergic alpha-Agonists|Adrenergic beta-Antagonists|Betaxolol|Female|Humans|Intraocular Pressure|Male|Middle Aged|Multicenter Studies as Topic|Ocular Hypertension|Quality of Life|Quinoxalines|Treatment Outcome
11573662	2001	British journal of anaesthesia	England	Anesthetics, Inhalation|Child|Child, Preschool|Drug Administration Schedule|Female|Humans|Intubation, Intratracheal|Laryngeal Masks|Laryngoscopy|Logistic Models|Male|Methyl Ethers
11680648	2001	Acta odontologica Scandinavica	Norway	Adult|Analysis of Variance|Cognitive Therapy|Conscious Sedation|Dental Anxiety|Female|Humans|Male|Nitrous Oxide|Relaxation Therapy|Statistics, Nonparametric
11728760	2001	The Journal of emergency medicine	United States	Antidotes|Charcoal|Female|Flavoring Agents|Home Nursing|Humans|Infant|Male|Mothers|Patient Compliance|Self Medication|Single-Blind Method
11813601	2001	Hepato-gastroenterology	Greece	Adult|Aged|Aged, 80 and over|Chemotherapy, Adjuvant|Colorectal Neoplasms|Female|Hepatectomy|Humans|Immunotherapy|Liver Neoplasms|Male|Middle Aged|Prognosis|Prospective Studies|Survival Analysis
11771983	2002	NeuroImage	United States	Aged|Aged, 80 and over|Aging|Cerebral Cortex|Cholinergic Fibers|Cross-Over Studies|Double-Blind Method|Evoked Potentials, Auditory|Female|Glycopyrrolate|Humans|Infusions, Intravenous|Magnetoencephalography|Male|Mental Recall|Middle Aged|Receptors, Muscarinic|Scopolamine Hydrobromide|Verbal Learning
11843231	2002	Journal of the European Academy of Dermatology and Venereology : JEADV	Netherlands	Acne Vulgaris|Administration, Topical|Adolescent|Adult|China|Dermatologic Agents|Drug Administration Schedule|Female|Follow-Up Studies|Gels|Humans|Male|Naphthalenes|Severity of Illness Index|Treatment Outcome|Tretinoin
11902394	2002	Journal of the American Dietetic Association	United States	Adolescent|Adolescent Nutritional Physiological Phenomena|Child|Child Nutritional Physiological Phenomena|Dietary Fats|Environment|Female|Follow-Up Studies|Food Services|Health Promotion|Humans|Male|Menu Planning|Restaurants|Schools
11959735	2002	AJR. American journal of roentgenology	United States	Adult|Aged|Aged, 80 and over|Biopsy, Needle|Breast Neoplasms|Carcinoma|Female|Humans|Middle Aged|Posture|Reproducibility of Results|Sensitivity and Specificity|Stereotaxic Techniques
12017407	2002	Clinical therapeutics	United States	Adolescent|Blood Glucose|Child|Cross-Over Studies|Diabetes Mellitus, Type 1|Female|Hemoglobin A, Glycosylated|Humans|Hypoglycemia|Hypoglycemic Agents|Insulin|Insulin Lispro|Male|Postprandial Period
12072669	2002	Critical care medicine	United States	Adult|Amphotericin B|Anti-Bacterial Agents|Antifungal Agents|Bacterial Infections|Decontamination|Digestive System|Double-Blind Method|Female|Humans|Liver Transplantation|Male|Mycoses|Norfloxacin|Postoperative Complications|Tobramycin
12127125	2002	Journal of gastrointestinal surgery : official journal of the Society for Surgery of the Alimentary Tract	United States	Adult|Aged|Carbon Dioxide|Cholecystectomy, Laparoscopic|Female|Humans|Male|Middle Aged|Pneumoperitoneum, Artificial|Prospective Studies|Stress, Physiological
12182991	2002	International journal of radiation oncology, biology, physics	United States	Aged|Aged, 80 and over|Anti-Inflammatory Agents, Non-Steroidal|Cyclooxygenase Inhibitors|Double-Blind Method|Humans|Ibuprofen|Male|Middle Aged|Prostate|Prostatic Neoplasms|Radiotherapy|Urologic Diseases
12235506	2002	Surgical endoscopy	Germany	Fundoplication|Gastroesophageal Reflux|Humans|Job Satisfaction|Laparoscopy|Robotics|Software|Surgery, Computer-Assisted|Time Factors|User-Computer Interface|Voice
12390569	2002	Journal of clinical periodontology	United States	Adult|Amoxicillin|Anti-Bacterial Agents|Bacteria, Anaerobic|Colony Count, Microbial|Dental Plaque|Doxycycline|Drug Resistance, Bacterial|Humans|Metronidazole|Microbial Sensitivity Tests|Penicillin Resistance|Periodontitis|Random Allocation|Saliva|Tetracycline Resistance
12439788	2002	Hormone and metabolic research = Hormon- und Stoffwechselforschung = Hormones et m?tabolisme	Germany	Adult|Aged|Blood Glucose|C-Reactive Protein|Diabetes Mellitus, Type 2|Dose-Response Relationship, Drug|Double-Blind Method|Drug Administration Schedule|Female|Hemoglobin A, Glycosylated|Humans|Hypoglycemic Agents|Male|Middle Aged|Thiazoles|Thiazolidinediones
12499786	2002	Taehan Kan Hakhoe chi = The Korean journal of hepatology	Korea (South)	Adult|Aged|Anti-Infective Agents|Antibiotic Prophylaxis|Bacterial Infections|Ciprofloxacin|Endoscopy|Esophageal and Gastric Varices|Female|Gastrointestinal Hemorrhage|Humans|Infusions, Intravenous|Ligation|Liver Cirrhosis|Male|Middle Aged|Postoperative Complications|Prospective Studies
12457078	2003	Dementia and geriatric cognitive disorders	Switzerland	Aged|Alzheimer Disease|Caregivers|Cholinesterase Inhibitors|Cost of Illness|Double-Blind Method|Female|Humans|Indans|Male|Piperidines|Severity of Illness Index|Treatment Outcome
12559511	2003	Journal of the neurological sciences	Netherlands	Clinical Trials as Topic|Disability Evaluation|Disease Progression|Gadolinium|Humans|Interferon-beta|Magnetic Resonance Imaging|Multiple Sclerosis, Chronic Progressive|Randomized Controlled Trials as Topic|Treatment Outcome
12613989	2003	Advances in experimental medicine and biology	United States	Administration, Topical|Adult|Aged|Aged, 80 and over|Conjunctiva|Cyclosporine|Double-Blind Method|Drug Administration Schedule|Epithelial Cells|Flow Cytometry|HLA-DR Antigens|Humans|Immunosuppressive Agents|Keratoconjunctivitis Sicca|Middle Aged
12664022	2003	Journal of the American Academy of Dermatology	United States	Adolescent|Adult|Benzimidazoles|Cold Temperature|Cross-Over Studies|Double-Blind Method|Female|Histamine H1 Antagonists|Humans|Male|Middle Aged|Urticaria
12716247	2003	The Journal of clinical psychiatry	United States	Adolescent|Adult|Aged|Antidepressive Agents|Cognitive Therapy|Combined Modality Therapy|Depressive Disorder|Female|Follow-Up Studies|Humans|Lithium Carbonate|Male|Middle Aged|Personality Inventory|Psychiatric Status Rating Scales|Secondary Prevention|Severity of Illness Index|Single-Blind Method|Treatment Outcome
12766930	2003	Human psychopharmacology	England	Adrenergic alpha-Antagonists|Adult|Antidepressive Agents|Automobile Driving|Cross-Over Studies|Double-Blind Method|Female|Humans|Male|Mianserin|Paroxetine|Questionnaires|Reaction Time|Serotonin Uptake Inhibitors|Sleep|Sleep Stages
12816783	2003	The American journal of clinical nutrition	United States	Adolescent|Child|Dietary Supplements|Double-Blind Method|Drug Therapy, Combination|Endemic Diseases|Female|Growth Disorders|Humans|Iodine|Male|Osteoarthritis|Rural Population|Selenium|Thyroid Hormones|Tibet|Treatment Outcome
12865611	2003	Cerebrovascular diseases (Basel, Switzerland)	United States	Adult|Aged|Aged, 80 and over|Blood Pressure|Cerebrovascular Circulation|Drug Therapy, Combination|Female|Fludrocortisone|Follow-Up Studies|Humans|Magnetic Resonance Imaging|Male|Middle Aged|Midodrine|Phenylephrine|Pilot Projects|Recovery of Function|Sodium Chloride|Stroke|Time Factors|Vasoconstrictor Agents
12919638	2003	BMC gastroenterology	England	Adult|Aged|Endoscopy, Digestive System|Esophageal and Gastric Varices|Female|Follow-Up Studies|Gastrointestinal Hemorrhage|Health Care Costs|Humans|Length of Stay|Male|Middle Aged|Netherlands|Sclerotherapy|Secondary Prevention|Survival Rate|Treatment Outcome
12971704	2003	Clinical rehabilitation	England	Aged|Discrimination Learning|Exercise Therapy|Female|Hemiplegia|Humans|Male|Middle Aged|Postural Balance|Stroke
14555901	2003	Eye & contact lens	United States	Adult|Cell Count|Conjunctiva|Contact Lenses, Extended-Wear|Disposable Equipment|Female|Goblet Cells|Humans|Hydrogel|Male|Middle Aged|Prosthesis Fitting|Silicone Elastomers
14614791	2003	British journal of health psychology	England	Adolescent|Adult|Analysis of Variance|Anxiety|Color Perception|Female|Forecasting|Great Britain|Gynecologic Surgical Procedures|Humans|Middle Aged|Pain, Postoperative|Perceptual Masking|Psychological Tests|Reaction Time|Regression Analysis
14667178	2003	The British journal of nutrition	England	Adult|Appetite|Body Weight|Cholecystokinin|Dietary Fats|Double-Blind Method|Eating|Energy Metabolism|Enzyme Inhibitors|Feces|Female|Humans|Lactones|Lipase|Male
15490889	2003	Journal of learning disabilities	United States	Attention|Child|Child Language|Dyslexia|Female|Humans|Intelligence|Male|Phonetics|Prospective Studies|Reading|Remedial Teaching|Verbal Behavior|Vocabulary
14715338	2004	The American journal of cardiology	United States	3',5'-Cyclic-GMP Phosphodiesterases|Coronary Disease|Double-Blind Method|Erectile Dysfunction|Humans|Male|Middle Aged|Outcome Assessment (Health Care)|Patient Satisfaction|Penile Erection|Piperazines|Prospective Studies|Purines|Safety|Sulfones|Time Factors|Vasodilator Agents
14769712	2004	Chest	United States	Aged|Amiodarone|Analysis of Variance|Anti-Arrhythmia Agents|Atrial Fibrillation|Dose-Response Relationship, Drug|Drug Administration Schedule|Electrocardiography|Female|Follow-Up Studies|Heart Conduction System|Humans|Long-Term Care|Male|Middle Aged|Probability|Propafenone|Prospective Studies|Risk Assessment|Severity of Illness Index|Single-Blind Method|Treatment Outcome
15008768	2004	BJOG : an international journal of obstetrics and gynaecology	England	Adult|Female|Heart Rate, Fetal|Humans|Infusions, Intravenous|Labor Stage, First|Labor, Induced|Oxytocics|Oxytocin|Pregnancy|Pregnancy Outcome|Prenatal Care|Prospective Studies
15063379	2004	International journal of medical informatics	Ireland	Alabama|Analysis of Variance|Chi-Square Distribution|Education, Distance|Education, Graduate|Female|Humans|Male|Medical Informatics|Program Evaluation|Video Recording
15111377	2004	Archives of internal medicine	United States	Adult|Androgens|Body Composition|Body Weight|CD4 Lymphocyte Count|Energy Intake|Female|HIV Infections|Humans|Muscle, Skeletal|Nutrition Assessment|Testosterone|Viral Load
15151912	2004	Age and ageing	England	Activities of Daily Living|Aged|Aged, 80 and over|Female|Great Britain|Health Services for the Aged|Home Care Services|Humans|Institutionalization|Long-Term Care|Male|Outcome Assessment (Health Care)|Rehabilitation Centers
15197517	2004	European journal of clinical pharmacology	Germany	Adolescent|Adult|Area Under Curve|Aryl Hydrocarbon Hydroxylases|Cross-Over Studies|Cyclohexanes|Cytochrome P-450 CYP2C9|Enzyme Inhibitors|Female|Half-Life|Humans|Hypoglycemic Agents|Male|Middle Aged|Phenylalanine|Sulfinpyrazone
15238971	2004	Evidence-based dentistry	England	
15286095	2004	Journal of clinical pharmacology	United States	Adolescent|Adult|Anticonvulsants|Area Under Curve|Carbamazepine|Dibenzazepines|Dose-Response Relationship, Drug|Double-Blind Method|Half-Life|Humans|Male|Middle Aged|Tablets
15330693	2004	Physical therapy	United States	Adult|Analysis of Variance|Biomechanical Phenomena|Female|Hip Joint|Humans|Low Back Pain|Male|Military Medicine|Military Personnel|Muscle, Skeletal|Physical Therapy Modalities|Pliability|Range of Motion, Articular|Time Factors
15383785	2004	Annals of surgery	United States	Adult|Aged|Aged, 80 and over|Aortic Aneurysm, Abdominal|Cicatrix|Esthetics|Female|Follow-Up Studies|Hernia, Ventral|Humans|Intestinal Obstruction|Laparotomy|Longitudinal Studies|Male|Middle Aged|Pain, Postoperative|Patient Satisfaction|Polypropylenes|Postoperative Complications|Recurrence|Risk Factors|Surgical Mesh|Surgical Wound Infection|Sutures
15492340	2004	Annals of internal medicine	United States	Aged|Aged, 80 and over|California|Case Management|Female|Health Maintenance Organizations|Heart Failure|Hospitalization|Humans|Male|Middle Aged|Outcome and Process Assessment (Health Care)|Patient Dropouts|Proportional Hazards Models|Risk Factors|Socioeconomic Factors
15546428	2004	Journal of human nutrition and dietetics : the official journal of the British Dietetic Association	England	Adult|Attitude to Health|Cross-Sectional Studies|Diabetes Mellitus, Type 2|Dietary Fats|Female|Food|Food Habits|Fruit|Genetic Predisposition to Disease|Glycemic Index|Health Knowledge, Attitudes, Practice|Humans|Life Style|Male|Middle Aged|Nutritional Sciences|Patient Compliance|Patient Education as Topic|Questionnaires|Risk Factors|Vegetables
15612844	2004	Journal of consulting and clinical psychology	United States	Adolescent|Adult|Aged|Alcoholism|Cocaine-Related Disorders|Continuity of Patient Care|Counseling|Female|Humans|Male|Middle Aged|Secondary Prevention|Telephone
15365788	2005	Journal of neural transmission (Vienna, Austria : 1996)	Austria	Aged|Cognition|Cross-Over Studies|Female|Humans|Male|Middle Aged|Parkinson Disease|Pergolide
15639367	2005	Burns : journal of the International Society for Burn Injuries	United States	Adolescent|Body Height|Body Weight|Burns|Child|Child, Preschool|Double-Blind Method|Drug Administration Schedule|Energy Metabolism|Female|Heart|Heart Rate|Human Growth Hormone|Humans|Infant|Injections, Subcutaneous|Male|Prospective Studies|Stroke Volume
15699229	2005	The American journal of clinical nutrition	United States	Aged|Animals|Anti-Arrhythmia Agents|Death, Sudden, Cardiac|Dietary Supplements|Docosahexaenoic Acids|Double-Blind Method|Eicosapentaenoic Acid|Electrocardiography, Ambulatory|Fatty Acids, Omega-3|Female|Fish Oils|Heart Rate|Humans|Male|Middle Aged|Ventricular Premature Complexes
15749042	2005	European journal of vascular and endovascular surgery : the official journal of the European Society for Vascular Surgery	England	Aged|Anti-Bacterial Agents|Arteriosclerosis|Azithromycin|Chi-Square Distribution|Chlamydophila Infections|Chlamydophila pneumoniae|Double-Blind Method|Female|Humans|Male|Middle Aged|Peripheral Vascular Diseases|Statistics, Nonparametric|Treatment Outcome
15800330	2005	Journal of clinical oncology : official journal of the American Society of Clinical Oncology	United States	Adolescent|Adult|Age Factors|Antineoplastic Combined Chemotherapy Protocols|Anxiety|Depression|Exercise Therapy|Female|Health Status|Home Care Services|Humans|Male|Mental Health|Middle Aged|Neoplasms|Oxygen Consumption|Physical Fitness|Quality of Life
15845756	2005	The American journal of geriatric psychiatry : official journal of the American Association for Geriatric Psychiatry	United States	Adult|Antipsychotic Agents|Back Pain|Bipolar Disorder|Dose-Response Relationship, Drug|Double-Blind Method|Drug Monitoring|Drug Tolerance|Female|Headache|Humans|Lithium Carbonate|Male|Middle Aged|Retrospective Studies|Treatment Outcome|Triazines
15895838	2005	Journal of orofacial pain	United States	Adolescent|Adult|Aged|Epidemiologic Methods|Female|Humans|Male|Middle Aged|Occlusal Splints|Polysomnography|Sleep Bruxism|Time Factors|Treatment Outcome
15942317	2005	Advances in skin & wound care	United States	Administration, Cutaneous|Adult|Aged|Aged, 80 and over|Analysis of Variance|Biocompatible Materials|Diabetic Foot|Extracellular Matrix|Female|Follow-Up Studies|Gels|Humans|Male|Middle Aged|Platelet-Derived Growth Factor|Prospective Studies|Proto-Oncogene Proteins c-sis|Time Factors|Treatment Outcome|Wound Healing
15988707	2005	Metabolism: clinical and experimental	United States	Adult|Base Sequence|DNA Primers|Down-Regulation|Gene Expression|Glucose|Humans|Male|Muscle, Skeletal|Oxidation-Reduction|Protein Kinases|RNA, Messenger
16043216	2005	Preventive medicine	United States	Breast Neoplasms|Female|Health Promotion|Humans|Mammography|Minnesota|Patient Compliance
16108036	2005	Hepatology (Baltimore, Md.)	United States	Anti-Bacterial Agents|Bacterial Infections|Ceftriaxone|Female|Hemodynamics|Humans|Hydroxyethyl Starch Derivatives|Kidney Function Tests|Liver Function Tests|Male|Middle Aged|Peritonitis|Pilot Projects|Plasma Substitutes|Serum Albumin|von Willebrand Factor
16161468	2005	Quintessence international (Berlin, Germany : 1985)	England	Adolescent|Adult|Chlorhexidine|Dental Plaque|Double-Blind Method|Gingivitis|Hexetidine|Humans|Middle Aged|Mouthwashes|Periodontal Index|Periodontitis|Statistics, Nonparametric
16210834	2005	The Tohoku journal of experimental medicine	Japan	Affect|Cholesterol, HDL|Cholesterol, LDL|Depression|Estrogen Replacement Therapy|Female|Humans|Menopause|Middle Aged|Prospective Studies
16271677	2005	Annals of emergency medicine	United States	Adult|Catheterization, Peripheral|Emergency Medicine|Humans|Patient Satisfaction|Prospective Studies|Treatment Outcome|Ultrasonography, Interventional
16335001	2005	Zhonghua liu xing bing xue za zhi = Zhonghua liuxingbingxue zazhi	China	Adolescent|Adult|Age Factors|Antibody Formation|Canada|Child|Child, Preschool|Drug-Related Side Effects and Adverse Reactions|Female|Humans|Infant|Injections|Male|Middle Aged|Orthomyxoviridae|Time Factors|Viral Vaccines|Young Adult
17136931	2005	Chronic illness	England	Asthma|Child|China|Follow-Up Studies|Humans|Patient Compliance|Prevalence|Questionnaires|Self Care|Treatment Outcome|Urban Population
16287132	2006	Head & neck	United States	Adult|Aged|Aged, 80 and over|Carcinoma, Squamous Cell|Dose Fractionation|Female|Head and Neck Neoplasms|Humans|Male|Middle Aged|Multivariate Analysis|Nutritional Support|Outcome Assessment (Health Care)|Prognosis|Proportional Hazards Models|Prospective Studies|Stomatitis|Weight Loss
16398773	2006	BJOG : an international journal of obstetrics and gynaecology	England	Abortifacient Agents, Nonsteroidal|Abortion, Induced|Administration, Intravaginal|Administration, Oral|Adult|Female|Gravidity|Home Care Services|Humans|Misoprostol|Patient Satisfaction|Pregnancy|Self Administration
16450089	2006	Supportive care in cancer : official journal of the Multinational Association of Supportive Care in Cancer	Germany	Acetylcysteine|Adult|Aged|Antineoplastic Agents|Chemotherapy, Adjuvant|Colorectal Neoplasms|Female|Free Radical Scavengers|Humans|Male|Middle Aged|Neuroprotective Agents|Organoplatinum Compounds|Pilot Projects|Postoperative Care
16505653	2006	Critical care medicine	United States	Analysis of Variance|Continuous Positive Airway Pressure|Female|Humans|Male|Middle Aged|Prospective Studies|Respiratory Function Tests|Ventilator Weaning|Work of Breathing
16557405	2006	Der Chirurg; Zeitschrift f?r alle Gebiete der operativen Medizen	Germany	Activities of Daily Living|Cross-Over Studies|Follow-Up Studies|Hernia, Inguinal|Humans|Male|Observation|Postoperative Complications|Prosthesis Implantation|Quality of Life|Recurrence|Surgical Mesh
16624438	2006	Diabetes research and clinical practice	United States	Adipose Tissue|Blood Glucose|Body Mass Index|Body Size|Body Weight|C-Reactive Protein|Humans|Hypoglycemic Agents|Insulin|Insulin Resistance|Leptin|Obesity|Weight Loss
16686813	2006	Journal of general internal medicine	United States	Analgesics, Opioid|Attitude of Health Personnel|Chronic Disease|Decision Making|Humans|Internal Medicine|Methadone|Pain|Patient Participation|Patient-Centered Care|Physician's Practice Patterns|Pilot Projects|Videotape Recording
16752625	2006	The International journal of prosthodontics	United States	Adult|Aftercare|Aged|Aged, 80 and over|Dental Care|Dental Implants|Dental Prosthesis, Implant-Supported|Dental Restoration Failure|Denture Retention|Denture, Complete, Lower|Denture, Overlay|Female|Follow-Up Studies|Humans|Jaw, Edentulous|Male|Mandible|Middle Aged|Patient Satisfaction|Prospective Studies|Time Factors|Treatment Outcome|Vestibuloplasty
16803808	2006	Journal of the American Dental Association (1939)	United States	Cariostatic Agents|Counseling|DMF Index|Dental Caries|Dental Caries Susceptibility|Dentists|Female|Fluorides, Topical|Follow-Up Studies|Health Education, Dental|Humans|Infant|Interviews as Topic|Male|Mothers|Motivation|Pamphlets|Patient Compliance|Professional-Family Relations|Videotape Recording
16860190	2006	American journal of kidney diseases : the official journal of the National Kidney Foundation	United States	Adult|Aged|Aged, 80 and over|Cholesterol, HDL|Chronic Disease|Erythropoietin|Female|Hemoglobins|Humans|Kidney Diseases|Male|Middle Aged|Renal Dialysis
16912619	2006	Pediatric emergency care	United States	Administration, Oral|Betamethasone|Child|Child, Preschool|Croup|Dexamethasone|Emergency Treatment|Female|Glucocorticoids|Humans|Infant|Injections, Intramuscular|Male|Prospective Studies|Severity of Illness Index|Time Factors
16965592	2006	Transfusion	United States	Adult|Aged|Blood Transfusion, Autologous|Dose-Response Relationship, Drug|Erythrocyte Count|Erythrocytes|Erythropoiesis|Erythropoietin|Female|Humans|Iron|Male|Middle Aged|Recombinant Proteins
17031011	2006	Journal of the American College of Nutrition	United States	Analysis of Variance|Bifidobacterium|Defecation|Female|Humans|Infant|Infant Behavior|Infant Formula|Infant, Newborn|Lactobacillus reuteri|Male|Pilot Projects|Probiotics|Prospective Studies|Safety
17090988	2006	Taehan Kanho Hakhoe chi	Korea (South)	Blood Specimen Collection|Female|Heart Rate|Heel|Humans|Infant, Newborn|Male|Neonatal Nursing|Oximetry|Pain|Pain Management|Pain Measurement|Punctures|Therapeutic Touch
17168363	2006	Voprosy onkologii	Russia (Federation)	Adult|Antineoplastic Combined Chemotherapy Protocols|Dose Fractionation|Drug Resistance, Neoplasm|Female|Hodgkin Disease|Humans|Male|Middle Aged|Prospective Studies|Radiotherapy Dosage|Radiotherapy, Adjuvant|Treatment Outcome
16837516	2007	European journal of public health	England	Adaptation, Psychological|Adolescent|Adult|Affective Symptoms|Cost-Benefit Analysis|Family Practice|Female|Humans|Intervention Studies|Male|Mental Disorders|Middle Aged|Netherlands|Patient Education as Topic|Problem Solving|Program Evaluation|Rehabilitation, Vocational|Sick Leave|Social Work, Psychiatric|Time Factors
17113179	2007	Diabetes research and clinical practice	Ireland	Adult|Diabetes, Gestational|Female|Glyburide|Humans|India|Insulin|Pregnancy
17203469	2007	Catheterization and cardiovascular interventions : official journal of the Society for Cardiac Angiography & Interventions	United States	Aged|Angioplasty, Balloon, Coronary|Drug Administration Schedule|Drug Therapy, Combination|Female|Hemorrhage|Humans|Incidence|Kaplan-Meier Estimate|Male|Middle Aged|Myocardial Infarction|Odds Ratio|Peptides|Platelet Aggregation Inhibitors|Platelet Glycoprotein GPIIb-IIIa Complex|Pyridines|Retrospective Studies|Risk Assessment|Stents|Ticlopidine|Time Factors|Treatment Outcome
17264089	2007	Rheumatology (Oxford, England)	England	Aged|Antirheumatic Agents|Arthritis, Rheumatoid|Disease Progression|Epidemiologic Methods|Female|Health Status Indicators|Humans|Male|Middle Aged|Quality of Life|Severity of Illness Index|Socioeconomic Factors|Treatment Outcome
17314111	2007	European heart journal	England	Aged|Anticoagulants|Azetidines|Benzylamines|Blood Coagulation Disorders|Female|Fibrin|Fibrin Fibrinogen Degradation Products|Humans|Male|Myocardial Infarction|Myocardial Ischemia|Partial Thromboplastin Time|Peptide Fragments|Protein Precursors|Prothrombin|Risk Factors|Thrombin
17363740	2007	Diabetes	United States	Adipose Tissue|Adult|Blood Glucose|Body Size|Cohort Studies|Diabetes Mellitus|Diabetes Mellitus, Type 2|Exercise|Female|Glucose Intolerance|Humans|Hypoglycemic Agents|Life Style|Male|Metformin|Middle Aged|Proportional Hazards Models|Risk Factors|Tomography, X-Ray Computed|United States|Weight Loss
17412579	2007	Respiratory medicine	England	Adult|Anti-Asthmatic Agents|Ascorbic Acid|Asthma|Asthma, Exercise-Induced|Bronchoconstriction|Cross-Over Studies|Dietary Supplements|Double-Blind Method|Exercise Test|Female|Humans|Male|Respiratory Function Tests
17462946	2007	European journal of heart failure	Netherlands	Adrenergic alpha-Agonists|Aged|Aged, 80 and over|Cardiotonic Agents|Comorbidity|Dopamine Agonists|Echocardiography|Esters|Female|Follow-Up Studies|Heart Failure|Humans|Male|Myocardial Contraction|Prognosis|Proportional Hazards Models|Prospective Studies|Pulmonary Disease, Chronic Obstructive|Risk Factors|Stroke Volume|Survival Analysis|Tetrahydronaphthalenes|Tricuspid Valve|Ventricular Dysfunction, Right
17512550	2007	The Journal of surgical research	United States	Aged|Carbon Dioxide|Female|Hepatectomy|Humans|Hydrogen-Ion Concentration|Ischemia|Liver|Male|Middle Aged|Oxygen
17559737	2007	Current medical research and opinion	England	Administration, Oral|Adolescent|Adult|Anticonvulsants|Antifungal Agents|Drug Administration Schedule|Drug Interactions|Humans|Male|Middle Aged|Phenytoin|Polypharmacy|Time Factors|Triazoles
17602983	2007	Journal of cardiac failure	United States	Adrenergic beta-Antagonists|Adult|Aged|Aged, 80 and over|Biological Markers|C-Reactive Protein|Carbazoles|Exercise Tolerance|Female|Heart Failure|Humans|Interleukin-6|Lipid Peroxidation|Male|Metoprolol|Middle Aged|Natriuretic Peptide, Brain|Oxidative Stress|Oxygen Consumption|Propanolamines|Radionuclide Ventriculography|Single-Blind Method
17657948	2007	Meditsinskaia parazitologiia i parazitarnye bolezni	Russia (Federation)	Administration, Sublingual|Adult|Animals|Child, Preschool|Chronic Disease|Cytokines|Drug Administration Schedule|HLA-DR Antigens|Humans|Injections, Intramuscular|Leukocyte Count|Leukocytes, Mononuclear|Lymphocyte Activation|Materia Medica|Middle Aged|Monocytes|Opisthorchiasis|Treatment Outcome
17708377	2007	Journal of wound care	England	Aged|Beds|Equipment Design|Female|Humans|Male|Pressure Ulcer
17854241	2007	The Journal of clinical psychiatry	United States	Aged|Antidepressive Agents|Antidepressive Agents, Tricyclic|Cyclohexanols|Depressive Disorder, Major|Drug Administration Schedule|Drug Resistance|Drug Therapy, Combination|Female|Follow-Up Studies|Humans|Lithium Compounds|Male|Middle Aged|Phenelzine|Recurrence|Remission Induction|Treatment Outcome
17923351	2007	Journal of cardiac failure	United States	Adenosine A1 Receptor Antagonists|Adult|Aged|Aged, 80 and over|Ambulatory Care|Cross-Over Studies|Double-Blind Method|Female|Heart Failure|Humans|Kidney|Kidney Diseases|Kidney Function Tests|Male|Middle Aged|Receptor, Adenosine A1|Renal Plasma Flow|Xanthines
17993823	2007	Eye & contact lens	United States	Adult|Conjunctivitis|Contact Lenses, Extended-Wear|Contact Lenses, Hydrophilic|Corneal Diseases|Eye Diseases|Female|Humans|Hydrogels|Incidence|Male|Patient Dropouts|Silicones
18094377	2007	The New England journal of medicine	United States	Adrenal Cortex Hormones|Adult|Aged|Antibodies, Monoclonal|Antibodies, Monoclonal, Humanized|Calcineurin Inhibitors|Cyclosporine|Diabetes Mellitus|Drug Therapy, Combination|Enzyme Inhibitors|Female|Glomerular Filtration Rate|Graft Rejection|Humans|Immunoglobulin G|Immunosuppressive Agents|Kaplan-Meier Estimate|Kidney Transplantation|Male|Middle Aged|Mycophenolic Acid|Opportunistic Infections|Prednisone|Sirolimus|Tacrolimus|Treatment Failure
17618241	2008	Eye (London, England)	United States	Acrylates|Aged|Cataract|Cataract Extraction|Contrast Sensitivity|Double-Blind Method|Female|Humans|Lens Implantation, Intraocular|Lenses, Intraocular|Male|Middle Aged|Patient Satisfaction|Postoperative Complications|Prospective Studies|Prosthesis Design|Refractive Errors|Vision Disorders
17972479	2008	Perception	England	Analysis of Variance|Female|Fixation, Ocular|Hobbies|Humans|Judgment|Male|Psychophysics|Strabismus|Vision, Ocular
18087204	2008	Psychotherapy and psychosomatics	Switzerland	Adult|Antidepressive Agents|Cognitive Therapy|Cohort Studies|Combined Modality Therapy|Comorbidity|Depressive Disorder, Major|Drug Administration Schedule|Female|Follow-Up Studies|Humans|Long-Term Care|Male|Middle Aged|Patient Compliance|Patient Dropouts|Personality Disorders|Prospective Studies|Secondary Prevention|Treatment Outcome
18204342	2008	Journal of clinical psychopharmacology	United States	Adrenergic Uptake Inhibitors|Antipsychotic Agents|Cognition Disorders|Dose-Response Relationship, Drug|Drug Therapy, Combination|Humans|Magnetic Resonance Imaging|Pilot Projects|Propylamines|Schizophrenia|Schizophrenic Psychology
18269367	2008	Addiction (Abingdon, England)	England	Adult|Cell Phones|Combined Modality Therapy|Female|Humans|Internet|Male|Middle Aged|Multimedia|Nicotine|Patient Compliance|Self Efficacy|Smoking|Smoking Cessation|Treatment Outcome
18316562	2008	Clinical cancer research : an official journal of the American Association for Cancer Research	United States	Aged|Antibodies, Monoclonal|Antibodies, Monoclonal, Humanized|Antineoplastic Combined Chemotherapy Protocols|Carboplatin|Carcinoma, Non-Small-Cell Lung|Chemotherapy, Adjuvant|Disease-Free Survival|E-Selectin|Female|Fibroblast Growth Factor 2|Humans|Intercellular Adhesion Molecule-1|Lung Neoplasms|Male|Paclitaxel|Prospective Studies|Survival Rate|Vascular Endothelial Growth Factor A
18371487	2008	American heart journal	United States	Aged|Anemia|Cardiomyopathy, Dilated|Drug Therapy, Combination|Echocardiography|Erythropoietin|Exercise Tolerance|Heart Failure|Hematinics|Hemodynamics|Humans|Injections, Subcutaneous|Single-Blind Method|Ventricular Function, Left|Ventricular Function, Right
18420874	2008	Anesthesia and analgesia	United States	Adult|Analgesics|Anesthetics, Local|Anti-Inflammatory Agents, Non-Steroidal|Arthroscopy|Bupivacaine|Double-Blind Method|Drug Therapy, Combination|Female|Humans|Injections, Intra-Articular|Ketorolac|Knee|Magnesium Sulfate|Male|Middle Aged|Movement|Pain Measurement|Recovery of Function|Time Factors|Treatment Outcome
18469257	2008	The American journal of clinical nutrition	United States	Adaptation, Physiological|Adult|Biological Availability|Body Mass Index|Cross-Over Studies|Diet|Dose-Response Relationship, Drug|Female|Humans|Intestinal Absorption|Male|Middle Aged|Nutritional Status|Phytic Acid|Zinc
18520221	2008	Annals of surgery	United States	Carcinoma, Papillary|Electrocoagulation|Female|Humans|Male|Middle Aged|Neck Dissection|Postoperative Complications|Prospective Studies|Statistics, Nonparametric|Thyroid Neoplasms|Thyroidectomy|Treatment Outcome
18574653	2008	Journal of infection and chemotherapy : official journal of the Japan Society of Chemotherapy	United States	Amodiaquine|Animals|Antimalarials|Artemisinins|Child|Child, Preschool|Drug Combinations|Drug Therapy, Combination|Female|Humans|Infant|Life Cycle Stages|Malaria, Falciparum|Male|Nigeria|Plasmodium falciparum|Treatment Outcome|Trimethoprim-Sulfamethoxazole Combination
18632218	2008	Cancer detection and prevention	England	Adult|Age Factors|Aged|Demography|Developing Countries|Female|Humans|India|Male|Mass Screening|Middle Aged|Mouth Neoplasms|Patient Compliance|Patient Participation|Referral and Consultation|Sex Factors|Socioeconomic Factors
18691986	2008	Clinical therapeutics	United States	Adult|Allergens|Anti-Allergic Agents|Conjunctivitis, Allergic|Double-Blind Method|Female|Humans|Ketotifen|Male|Ophthalmic Solutions|Prospective Studies|Reference Standards|Therapeutic Equivalency
18775597	2008	European journal of obstetrics, gynecology, and reproductive biology	Ireland	Abdominal Pain|Administration, Intravaginal|Administration, Oral|Adult|Double-Blind Method|Female|Humans|Metronidazole|Nausea|Patient Satisfaction|Treatment Outcome|Vaginosis, Bacterial
18841082	2008	Journal of strength and conditioning research / National Strength & Conditioning Association	United States	Adult|Age Factors|Aged|Aged, 80 and over|Female|Humans|Isometric Contraction|Knee|Middle Aged|Muscle Fatigue|Muscle, Skeletal|Physical Endurance|Physical Exertion|Resistance Training|Rest|Time Factors|Torque
19004201	2008	Journal of traditional Chinese medicine = Chung i tsa chih ying wen pan / sponsored by All-China Association of Traditional Chinese Medicine, Academy of Traditional Chinese Medicine	China	Administration, Oral|Adolescent|Adult|Child|Chronic Disease|Drugs, Chinese Herbal|Female|Gastric Mucosa|Gastritis|Humans|Male|Middle Aged|Spleen|Young Adult
19109574	2008	The New England journal of medicine	United States	Adult|Aged|Antibodies, Antineutrophil Cytoplasmic|Azathioprine|Cyclophosphamide|Drug Therapy, Combination|Female|Glucocorticoids|Granulomatosis with Polyangiitis|Humans|Immunosuppressive Agents|Kaplan-Meier Estimate|Male|Methotrexate|Methylprednisolone|Middle Aged|Prednisone|Prospective Studies|Pulse Therapy, Drug|Remission Induction|Vasculitis|Young Adult
18580064	2009	Cardiology	Switzerland	Aged|Atrial Fibrillation|Connexin 43|Connexins|Coronary Artery Bypass, Off-Pump|Female|Fibrosis|Gap Junctions|Heart Arrest, Induced|Heart Atria|Humans|Male|Middle Aged|NF-kappa B|Postoperative Complications
18931495	2009	Caries research	Switzerland	Adult|Carbonated Beverages|Cariogenic Agents|Dental Caries|Dental Enamel|Dental Enamel Solubility|Dental Plaque|Female|Hardness|Humans|Hydrogen-Ion Concentration|Male|Sucrose|Tooth Erosion|Young Adult
19057405	2009	Journal of strength and conditioning research / National Strength & Conditioning Association	United States	Adult|Athletic Performance|Exercise Test|Female|Humans|Male|Muscle Contraction|Muscle Fatigue|Physical Education and Training|Physical Endurance|Physical Fitness|Probability|Recovery of Function|Sports|Time Factors|Vibration|Young Adult
19132285	2009	<MISSING>	England	Adult|Anxiety|Benzhydryl Compounds|Cresols|Delayed-Action Preparations|Depression|Dose-Response Relationship, Drug|Double-Blind Method|Female|Health Surveys|Humans|Middle Aged|Muscarinic Antagonists|Phenylpropanolamine|Quality of Life|Sexual Behavior|Treatment Outcome|Urinary Bladder, Overactive|Urinary Incontinence, Urge
19186718	2009	Zhongguo zhen jiu = Chinese acupuncture & moxibustion	China	Acupuncture Analgesia|Adult|Analgesics|Combined Modality Therapy|Embryo Transfer|Female|Fertilization in Vitro|Humans|Meperidine|Pain|Pain Management|Pain Threshold
19235751	2009	The Laryngoscope	United States	Adult|Aged|Aged, 80 and over|Cross-Sectional Studies|Diagnosis, Differential|Endoscopy|Female|Follow-Up Studies|Humans|Male|Middle Aged|Nasopharyngeal Neoplasms|Nasopharynx|Observer Variation|Reproducibility of Results|Retrospective Studies|Single-Blind Method|Young Adult
19290531	2009	Pediatric surgery international	Germany	Anastomosis, Surgical|Dose-Response Relationship, Drug|Erythromycin|Feeding Behavior|Female|Follow-Up Studies|Gastrointestinal Agents|Gastrointestinal Motility|Humans|Infant, Newborn|Intestinal Atresia|Intestine, Small|Male|Postoperative Care|Recovery of Function|Retrospective Studies|Treatment Outcome
19347979	2009	Journal of thoracic oncology : official publication of the International Association for the Study of Lung Cancer	United States	Adult|Aged|Aged, 80 and over|Antineoplastic Agents|Carboplatin|Carcinoma, Non-Small-Cell Lung|Cisplatin|Female|Genotype|Glutathione|Glutathione Peroxidase|Glutathione S-Transferase pi|Glutathione Transferase|Humans|Logistic Models|Lung Neoplasms|Male|Middle Aged|Quality of Life|Treatment Outcome
19398463	2009	Pediatrics	United States	Adrenergic alpha-Agonists|Analgesics, Opioid|Blood Pressure|Clonidine|Drug Therapy, Combination|Female|Heart Rate|Heroin|Humans|Infant, Newborn|Male|Methadone|Neonatal Abstinence Syndrome|Opium|Prospective Studies|Treatment Outcome
19454032	2009	Critical care (London, England)	England	Adult|Aged|Delirium|Dexmedetomidine|Dopamine Antagonists|Drug-Related Side Effects and Adverse Reactions|Female|Haloperidol|Humans|Hypnotics and Sedatives|Intubation, Intratracheal|Male|Middle Aged|Pilot Projects|Psychomotor Agitation|Respiration, Artificial
19509438	2009	Hong Kong medical journal = Xianggang yi xue za zhi / Hong Kong Academy of Medicine	China	Combined Modality Therapy|Exercise Therapy|Gait Disorders, Neurologic|Humans|Lower Extremity|Middle Aged|Mobility Limitation|Muscle Spasticity|Self Care|Stroke|Transcutaneous Electric Nerve Stimulation
19568208	2009	Medicine and science in sports and exercise	United States	Aged|Anthropometry|C-Reactive Protein|Exercise Therapy|Female|Humans|Middle Aged|Obesity|Postmenopause|Serum Amyloid A Protein
19629583	2009	World journal of surgery	United States	Administration, Oral|Adult|Aged|Aged, 80 and over|Analysis of Variance|Arginine|Chi-Square Distribution|Dietary Supplements|Fatty Acids, Omega-3|Female|Gastrectomy|Humans|Immunity, Cellular|Incidence|Infection|Lymphocyte Count|Male|Middle Aged|Postoperative Complications|Preoperative Care|Statistics, Nonparametric|Stomach Neoplasms|Systemic Inflammatory Response Syndrome|Treatment Outcome
19689480	2009	Acta paediatrica (Oslo, Norway : 1992)	Norway	Asthma|Child|Child, Preschool|Cost of Illness|Female|Follow-Up Studies|Humans|Male|Outcome Assessment (Health Care)|Parents|Patient Compliance|Patient Education as Topic|Questionnaires|Respiratory Function Tests|Self Care
19752406	2009	Archives of internal medicine	United States	Aged|Aged, 80 and over|Emergency Medical Services|Female|Health Education|Health Knowledge, Attitudes, Practice|Humans|Ischemic Attack, Transient|Male|Middle Aged|Stroke|Thrombolytic Therapy|Time Factors
19827525	2009	Klinicheskaia meditsina	Russia (Federation)	Age Factors|Aged|Calcium|Cell Membrane Permeability|Erythrocyte Deformability|Erythrocyte Membrane|Erythrocytes|Follow-Up Studies|Heart Failure|Humans|Microscopy, Electron, Scanning|Severity of Illness Index
19922572	2009	Addiction (Abingdon, England)	England	Administration, Intranasal|Adolescent|Adult|Allied Health Personnel|Analgesics, Opioid|Drug Overdose|Emergency Medical Services|Female|Heroin|Humans|Injections, Intramuscular|Male|Middle Aged|Naloxone|Narcotic Antagonists|Prospective Studies|Treatment Outcome|Victoria|Young Adult
20137710	2009	Zhonghua yi xue za zhi	China	Adult|Aged|Aged, 80 and over|Atrial Fibrillation|C-Reactive Protein|Coronary Artery Bypass|Coronary Artery Disease|Female|Heptanoic Acids|Humans|Logistic Models|Male|Middle Aged|Multivariate Analysis|Pyrroles|Risk Factors
19592211	2010	Journal of critical care	United States	Adolescent|Child|Child, Preschool|Cross Infection|Female|Hospital Mortality|Hospitals, University|Humans|Infant|Infant, Newborn|Intensive Care Units, Pediatric|Male|Pneumonia, Ventilator-Associated|Prospective Studies|Respiration, Artificial|Risk Factors|Thailand|Time Factors|Treatment Outcome|Ventilators, Mechanical
19819469	2010	The Journal of thoracic and cardiovascular surgery	United States	Adolescent|Anti-Arrhythmia Agents|Cardiopulmonary Bypass|Child|Child, Preschool|Double-Blind Method|Female|Humans|Infant|Infant, Newborn|Magnesium|Magnesium Sulfate|Male|Postoperative Complications|Tachycardia, Ectopic Junctional
19931380	2010	Vaccine	United States	Adolescent|Adult|Antibodies, Viral|Female|Humans|Immunization, Secondary|Influenza A Virus, H5N1 Subtype|Influenza Vaccines|Influenza, Human|Injections, Intradermal|Injections, Intramuscular|Male|Vaccines, Inactivated|Young Adult
20031222	2010	Ophthalmology	United States	Aged|Antihypertensive Agents|Female|Follow-Up Studies|Glaucoma|Humans|Incidence|Intraocular Pressure|Male|Middle Aged|Ocular Hypertension|Retinal Vein Occlusion|Retrospective Studies|Risk Factors|Tonometry, Ocular|Visual Field Tests|Visual Fields
20092985	2010	Phytomedicine : international journal of phytotherapy and phytopharmacology	Germany	Adult|Andrographis|Cough|Double-Blind Method|Earache|Female|Headache|Humans|Male|Pharyngitis|Phytotherapy|Plant Extracts|Plant Leaves|Respiratory Tract Infections|Sleep Disorders
20149571	2010	Journal of substance abuse treatment	United States	Adult|Alcoholism|Counseling|Decision Making|Emergency Service, Hospital|Female|Goals|Humans|Intention|Interview, Psychological|Male|Middle Aged|Motivation|Professional-Patient Relations|Social Support|Temperance
20199265	2010	Journal of endovascular therapy : an official journal of the International Society of Endovascular Specialists	United States	Aged|Angiography, Digital Subtraction|Angioplasty, Balloon|Atherosclerosis|Brachytherapy|Constriction, Pathologic|Disease Progression|Female|Femoral Artery|Humans|Intermittent Claudication|Knee|Linear Models|Male|Middle Aged|Popliteal Artery|Risk Assessment|Risk Factors|Severity of Illness Index|Tibial Arteries|Time Factors|Treatment Outcome
20329655	2010	Arzneimittel-Forschung	Germany	Adult|Angiotensin II Type 1 Receptor Blockers|Chemistry, Pharmaceutical|Chromatography, High Pressure Liquid|Cross-Over Studies|Double-Blind Method|Humans|Intestinal Absorption|Male|Tablets|Tetrazoles|Therapeutic Equivalency|Valine|Young Adult
20390984	2010	Journal of health communication	England	Breast Neoplasms|Consumer Health Information|Female|Health Services Needs and Demand|Humans|Information Seeking Behavior|Internet|Middle Aged|Patient Satisfaction|Social Support
20444029	2010	Journal of veterinary pharmacology and therapeutics	England	Administration, Oral|Animal Husbandry|Animals|Anti-Bacterial Agents|Area Under Curve|Cattle|Chlortetracycline|Dose-Response Relationship, Drug|Half-Life|Male
20496730	2010	Zhongguo zhen jiu = Chinese acupuncture & moxibustion	China	Acupuncture Points|Acupuncture Therapy|Adult|Calcaneus|Combined Modality Therapy|Drugs, Chinese Herbal|Humans|Male|Middle Aged|Osteophyte|Treatment Outcome
20547017	2010	Maturitas	Ireland	Alkaline Phosphatase|Bone Density|Bone Density Conservation Agents|Clodronic Acid|Drug Therapy, Combination|Estradiol|Estrogen Replacement Therapy|Estrogens|Female|Femur|Finland|Follow-Up Studies|Humans|Lumbar Vertebrae|Middle Aged|Norethindrone|Osteoporosis, Postmenopausal|Postmenopause|Prospective Studies
20599816	2010	Brain research	Netherlands	Adult|Attention|Brain|Face|Female|Humans|Male|Neurons|Occipital Lobe|Photic Stimulation|Reaction Time|Recognition (Psychology)|Space Perception|Young Adult
20655105	2010	Lancet	England	Adult|Aged|Angina, Unstable|Angioplasty|Biological Markers|C-Reactive Protein|Cholesterol, HDL|Cholesterol, LDL|Double-Blind Method|Drug Administration Schedule|Female|Fluorobenzenes|Humans|Hydroxymethylglutaryl-CoA Reductase Inhibitors|Incidence|Male|Middle Aged|Myocardial Infarction|Primary Prevention|Pyrimidines|Risk Factors|Stroke|Sulfonamides|Treatment Outcome
20715729	2010	Anaesthesia and intensive care	Australia	Adult|Aged|Anesthesia, General|Antiemetics|Blood Glucose|Cholecystectomy, Laparoscopic|Dexamethasone|Double-Blind Method|Drug Therapy, Combination|Female|Humans|Hydrocortisone|Indoles|Male|Middle Aged|Postoperative Nausea and Vomiting|Time Factors
20834185	2010	Circulation journal : official journal of the Japanese Circulation Society	Japan	Aged|Angioplasty, Balloon, Coronary|Biological Markers|Cardiovascular Agents|Chi-Square Distribution|Coronary Angiography|Coronary Restenosis|Creatine Kinase|Endothelial Cells|Erythropoietin|Female|Hemoglobins|Humans|Hyperplasia|Japan|Male|Middle Aged|Myocardial Infarction|Myocardium|Pilot Projects|Placebo Effect|Prospective Studies|Recombinant Proteins|Stem Cells|Stroke Volume|Time Factors|Treatment Outcome|Ultrasonography, Interventional|Ventricular Function, Left|Ventricular Remodeling
20936979	2010	The Journal of infectious diseases	United States	Adolescent|Adult|Drug Administration Schedule|Drug Users|Female|Hepatitis B|Hepatitis B Surface Antigens|Hepatitis B Vaccines|Hepatitis B virus|Humans|Immunization Schedule|Male|Middle Aged|Patient Compliance|Texas|Treatment Outcome|Urban Population|Vaccination
21085758	2010	Arquivos brasileiros de cardiologia	Brazil	Autonomic Nerve Block|Cardiomyopathy, Dilated|Female|Humans|Male|Middle Aged|Stellate Ganglion|Stroke Volume|Sympathectomy|Sympathetic Nervous System|Thoracic Surgery, Video-Assisted|Treatment Outcome|Ventricular Function, Left
21702233	2010	The West Indian medical journal	Jamaica	Adult|Antifibrinolytic Agents|Blood Transfusion|Cause of Death|Chi-Square Distribution|Female|Hemorrhage|Humans|Male|Middle Aged|Placebos|Tranexamic Acid|Treatment Outcome|Vascular Diseases|Wounds and Injuries
20658527	2011	International journal of cancer. Journal international du cancer	United States	Aged|Colorectal Neoplasms|Feasibility Studies|Guaiac|Humans|Middle Aged|Occult Blood|Patient Compliance|Prospective Studies|Registries|Sensitivity and Specificity|Social Class
20886278	2011	AIDS and behavior	United States	Administration, Intravaginal|Adolescent|Adult|Anti-Infective Agents, Local|Biological Markers|Computers|Female|HIV Infections|Humans|Interviews as Topic|Patient Compliance|Questionnaires|Risk-Taking|Self Disclosure|Self-Assessment|Sexual Behavior|Socioeconomic Factors|South Africa|Young Adult
21067945	2011	Seizure	England	Adolescent|Adult|Behavior|Carbamazepine|Cognition|Epilepsies, Partial|Female|Humans|Male|Middle Aged|Neuropsychological Tests|Prospective Studies|Quality of Life|Treatment Outcome|Triazines|Young Adult
21146844	2011	Surgery	United States	Adenocarcinoma|Administration, Oral|Aged|Enteral Nutrition|Female|Gastrectomy|Hospital Charges|Humans|Male|Middle Aged|Pain, Postoperative|Quality of Life|Stomach Neoplasms|Treatment Outcome
21208106	2011	The New England journal of medicine	United States	Abdominal Pain|Aged|Anti-Bacterial Agents|Diarrhea|Double-Blind Method|Female|Humans|Irritable Bowel Syndrome|Male|Middle Aged|Rifamycins
21264527	2011	Neurocritical care	United States	Adrenergic alpha-2 Receptor Agonists|Adrenergic beta-Antagonists|Aged|Antihypertensive Agents|Antioxidants|Benzenesulfonates|Blood Pressure|Brain Edema|Cerebral Hemorrhage|Clonidine|Cohort Studies|Critical Care|Double-Blind Method|Drug Therapy, Combination|Female|Free Radical Scavengers|Glasgow Coma Scale|Humans|Male|Middle Aged|Multivariate Analysis|Prospective Studies|Treatment Outcome
21317794	2011	Journal of acquired immune deficiency syndromes (1999)	United States	Adult|Anti-HIV Agents|Area Under Curve|Biological Markers|CCR5 Receptor Antagonists|CD4 Lymphocyte Count|Double-Blind Method|Female|HIV Infections|HIV-1|Half-Life|Humans|Imidazoles|Inflammation|Male|Middle Aged|RNA, Viral|Receptors, CCR2|Young Adult
21366634	2011	Alimentary pharmacology & therapeutics	England	Adult|Body Mass Index|Body Weight|Clarithromycin|Drug Therapy, Combination|Dyspepsia|Female|Helicobacter Infections|Helicobacter pylori|Humans|Male|Middle Aged|Organometallic Compounds|Placebos|Ranitidine|Treatment Outcome
21421511	2011	Anadolu kardiyoloji dergisi : AKD = the Anatolian journal of cardiology	Turkey	Adult|Aged|Aged, 80 and over|Angina, Stable|Angioplasty, Balloon, Coronary|C-Reactive Protein|Dose-Response Relationship, Drug|Female|Humans|Hydroxymethylglutaryl-CoA Reductase Inhibitors|Male|Middle Aged|Myocardial Infarction|Neopterin|Pravastatin|Premedication|Stents|Vasculitis
21474905	2011	Postgraduate medicine	United States	Adolescent|Adult|Attention Deficit Disorder with Hyperactivity|Central Nervous System Stimulants|Cross-Over Studies|Dextroamphetamine|Double-Blind Method|Female|Humans|Male|Middle Aged|Neuropsychological Tests|Remission Induction|Severity of Illness Index|Treatment Outcome|Young Adult
21526923	2011	The New England journal of medicine	United States	Aged|Aged, 80 and over|Antibodies, Monoclonal|Antibodies, Monoclonal, Humanized|Cardiovascular Diseases|Drug Administration Schedule|Female|Humans|Intention to Treat Analysis|Macular Degeneration|Male|Middle Aged|Off-Label Use|Proportional Hazards Models|Retina|Single-Blind Method|Therapeutic Equivalency|Visual Acuity
21592728	2011	International journal of oral and maxillofacial surgery	Denmark	Adult|Alveolar Process|Anti-Infective Agents|Bone Density|Bone Screws|Bone Transplantation|Dental Implantation, Endosseous|Equipment Design|Female|Follow-Up Studies|Hematoma|Humans|Injections|Intraoperative Complications|Male|Maxilla|Maxillary Sinus|Membranes, Artificial|Metronidazole|Nasal Mucosa|Osteotomy|Piezosurgery|Pressure|Radiography, Panoramic|Sinus Floor Augmentation|Tomography, X-Ray Computed|Treatment Outcome|Water
21649830	2011	Journal of esthetic and restorative dentistry : official publication of the American Academy of Esthetic Dentistry ... [et al.]	England	Calcium Phosphates|Dental Enamel|Humans|Hydrogen Peroxide|Materials Testing|Saliva, Artificial|Temperature|Time Factors|Tooth Bleaching|Tooth Bleaching Agents|Tooth Remineralization
21707137	2011	Journal of consulting and clinical psychology	United States	Adolescent|Adult|Child|Child of Impaired Parents|Cognitive Therapy|Depressive Disorder, Major|Family|Family Therapy|Female|Follow-Up Studies|Humans|Male|Middle Aged|Parents|Treatment Outcome
21767064	2011	Journal of experimental psychology. Learning, memory, and cognition	United States	Adolescent|Adult|Aged|Analysis of Variance|Environment|Female|Humans|Informed Consent|Male|Middle Aged|Physician-Patient Relations|Probability|Risk Assessment|Truth Disclosure|Verbal Behavior|Young Adult
21827706	2011	Malaria journal	England	Adolescent|Adult|Aged|Antimalarials|Cambodia|Child|Drug Resistance|Drug Therapy, Combination|Female|Humans|Malaria, Falciparum|Male|Middle Aged|Parasitemia|Plasmodium falciparum|Thailand|Time Factors|Treatment Outcome|Young Adult
21893583	2011	Annals of the rheumatic diseases	United Kingdom	Adult|Antirheumatic Agents|Arthritis, Rheumatoid|Autoimmune Diseases|Disease Progression|Double-Blind Method|Drug Therapy, Combination|Female|Humans|Immunoconjugates|Immunosuppressive Agents|Male|Methotrexate|Middle Aged|Neoplasms|Opportunistic Infections|Quality of Life|Severity of Illness Index|Treatment Failure|Treatment Outcome
21977987	2011	BMC medical genetics	England	Aged|Genome-Wide Association Study|Humans|Hydroxymethylglutaryl-CoA Reductase Inhibitors|Lipoproteins, LDL|Pharmacogenetics|Placebos|Polymorphism, Single Nucleotide|Pravastatin|Prospective Studies
22088520	2011	Chinese medical journal	China	Aged|Angioplasty, Balloon, Coronary|Anticoagulants|Dalteparin|Female|Heparin|Humans|Male|Middle Aged|Myocardial Infarction|Treatment Outcome|Tyrosine
22813411	2011	Diabetes & metabolic syndrome	Netherlands	Adult|Aged|Arabs|Cross-Sectional Studies|Demography|Female|Humans|Male|Marital Status|Metabolic Syndrome X|Middle Aged|Middle East|Prevalence|Socioeconomic Factors|Young Adult
21700602	2012	The European respiratory journal	Switzerland	Aged|Bronchodilator Agents|Female|Humans|Male|Middle Aged|Physical Endurance|Pulmonary Disease, Chronic Obstructive|Respiratory Function Tests|Scopolamine Derivatives|Treatment Outcome|Walking
21888642	2012	Nutrition journal	England	Adult|Aged|Blood Pressure|Creatinine|Female|Humans|Hypertension|Magnesium|Male|Middle Aged|Potassium|Potassium Chloride|Sodium|Sodium Chloride, Dietary
21995296	2012	International endodontic journal	England	Adhesiveness|Bisphenol A-Glycidyl Methacrylate|Composite Resins|Dental Bonding|Dental Materials|Dental Prosthesis Design|Dental Pulp Cavity|Dental Stress Analysis|Dentin|Dentin-Bonding Agents|Glass|Humans|Materials Testing|Microscopy, Electron, Scanning|Polyethylene Glycols|Polymethacrylic Acids|Post and Core Technique|Resin Cements|Root Canal Preparation|Stress, Mechanical|Surface Properties|Tooth Apex
22079995	2012	Journal of animal science	United States	Animal Feed|Animal Nutritional Physiological Phenomena|Animals|Cattle|Colostrum|Diet|Dietary Supplements|Housing, Animal|Sanitation|Swine|Weaning
22152216	2012	Nutrition journal	England	Adolescent|Adult|Affect|Anxiety|Appetite|Body Mass Index|Choice Behavior|Cross-Over Studies|Depression|Dietary Carbohydrates|Dietary Proteins|Energy Intake|Feeding Behavior|Female|Food Habits|Food Preferences|Humans|Male|Middle Aged|Postprandial Period|Questionnaires|Satiation|Stress, Psychological|Young Adult
22222193	2012	Fertility and sterility	United States	Adult|Contraceptives, Oral, Synthetic|Dose-Response Relationship, Drug|Europe|Female|Humans|Intrauterine Devices, Medicated|Levonorgestrel|Menstruation|Pregnancy|Pregnancy, Unplanned|Time Factors|Treatment Outcome|Young Adult
22283926	2012	The British journal of dermatology	England	Adult|Cerebral Cortex|Double-Blind Method|Histamine|Histamine Agonists|Humans|Magnetic Resonance Imaging|Male|Oxygen|Pruritus|Sensation|Sodium Chloride|Young Adult
22342928	2012	Osteoarthritis and cartilage / OARS, Osteoarthritis Research Society	England	Aged|Double-Blind Method|Female|Humans|Hyaluronic Acid|Injections, Intra-Articular|Male|Middle Aged|Osteoarthritis, Knee|Pain Measurement|Severity of Illness Index|Sodium Chloride|Treatment Outcome|Viscosupplementation|Viscosupplements
22409966	2012	International journal of pediatric otorhinolaryngology	Ireland	Administration, Intranasal|Adolescent|Anti-Infective Agents, Local|Cautery|Child|Child, Preschool|Epistaxis|Female|Follow-Up Studies|Humans|Male|Ointments|Prospective Studies|Recurrence|Risk Assessment|Severity of Illness Index|Silver Nitrate|Treatment Outcome
22468715	2012	Health psychology : official journal of the Division of Health Psychology, American Psychological Association	United States	Child|Child Behavior|Child, Preschool|Education|Family|Female|Fires|Health Knowledge, Attitudes, Practice|Humans|Male|Safety|Video Games
22537766	2012	Maturitas	United Kingdom	Adaptation, Psychological|Adult|Aged|Antineoplastic Agents|Breast Neoplasms|Cognitive Therapy|Comprehension|Female|Group Processes|Health Knowledge, Attitudes, Practice|Hot Flashes|Humans|Interviews as Topic|Middle Aged|Patient Satisfaction|Self Efficacy|Social Environment|Sweating
22640511	2012	The international journal of tuberculosis and lung disease : the official journal of the International Union against Tuberculosis and Lung Disease	France	Antitubercular Agents|Bangladesh|Drug Administration Schedule|Humans|Microbial Sensitivity Tests|Predictive Value of Tests|Prospective Studies|Rifampin|Secondary Prevention|Sensitivity and Specificity|Sequence Analysis, DNA|Sputum|Treatment Outcome|Tuberculosis, Multidrug-Resistant|Tuberculosis, Pulmonary
22769423	2012	Oral surgery, oral medicine, oral pathology and oral radiology	United States	Acellular Dermis|Adolescent|Adult|Aged|Child|Collagen|Face|Female|Follow-Up Studies|Humans|Male|Middle Aged|Parotid Gland|Parotid Neoplasms|Postoperative Complications|Skin, Artificial|Sweating, Gustatory|Young Adult
